id,title,intro,poster,pubdate,url,rating,genres,star,comment,tags,star_time,card
33414470,水饺皇后,,https://dou.img.lithub.cc/movie/33414470.jpg,2025-04-30(中国大陆),https://movie.douban.com/subject/33414470/,6.1,"剧情,传记",,,,2025-08-30 21:53:02,2025 / 中国大陆 / 剧情 传记 / 刘伟强 / 马丽 惠英红
36809864,南京照相馆,,https://dou.img.lithub.cc/movie/36809864.jpg,2025-07-25(中国大陆),https://movie.douban.com/subject/36809864/,8.7,"剧情,历史,战争",,,电影院,2025-08-26 13:36:42,2025 / 中国大陆 / 剧情 历史 战争 / 申奥 / 刘昊然 王传君
36721436,扫毒风暴,,https://dou.img.lithub.cc/movie/36721436.jpg,2025-07-12(中国大陆),https://movie.douban.com/subject/36721436/,7.5,"剧情,犯罪",,,,2025-08-14 20:51:44,2025 / 中国大陆 / 剧情 犯罪 / 五百 蔺水净 / 段奕宏 秦昊
10440138,侏罗纪世界,,https://dou.img.lithub.cc/movie/10440138.jpg,2015-06-10(中国大陆),https://movie.douban.com/subject/10440138/,7.8,"动作,科幻,冒险",,,,2025-07-13 13:58:20,2015 / 美国 / 动作 科幻 冒险 / 科林·特莱沃若 / 克里斯·帕拉特 布莱丝·达拉斯·霍华德
36743767,侏罗纪世界：重生,,https://dou.img.lithub.cc/movie/36743767.jpg,2025-07-02(中国大陆),https://movie.douban.com/subject/36743767/,6.1,"动作,科幻,惊悚",,,电影院,2025-07-12 23:13:17,2025 / 美国 / 动作 科幻 惊悚 冒险 / 加里斯·爱德华斯 / 斯嘉丽·约翰逊 马赫沙拉·阿里
35651341,长安的荔枝,,https://dou.img.lithub.cc/movie/35651341.jpg,2025-06-07(中国大陆),https://movie.douban.com/subject/35651341/,6.9,"剧情,古装",,,,2025-06-22 16:15:19,2025 / 中国大陆 / 剧情 古装 / 曹盾 / 雷佳音 岳云鹏
35316582,折腰,,https://dou.img.lithub.cc/movie/35316582.jpg,2025-05-13(中国大陆),https://movie.douban.com/subject/35316582/,6.4,"爱情,古装",,,,2025-06-15 15:12:09,2025 / 中国大陆 / 爱情 古装 / 邓科 高琮凯 王奕丁 / 宋祖儿 刘宇宁
36722668,值得爱,,https://dou.img.lithub.cc/movie/36722668.jpg,2025-04-02(中国大陆),https://movie.douban.com/subject/36722668/,6.9,"剧情,爱情",,,,2025-05-04 00:17:39,2025 / 中国大陆 / 剧情 爱情 / 韩琰 / 王安宇 王玉雯
36516580,雁回时,,https://dou.img.lithub.cc/movie/36516580.jpg,2025-03-18(中国大陆),https://movie.douban.com/subject/36516580/,6.8,"爱情,悬疑,古装",1,开头几集还以为不错，然后就拉了坨大的。也不说男主啥样了,,2025-04-13 20:29:46,2025 / 中国大陆 / 爱情 悬疑 古装 / 杨龙 / 陈都灵 辛云来
35882838,某种物质,,https://dou.img.lithub.cc/movie/35882838.jpg,2024-05-19(戛纳电影节),https://movie.douban.com/subject/35882838/,7.5,"剧情,恐怖",,,,2025-03-17 18:39:43,2024 / 法国 英国 美国 / 剧情 恐怖 / 科拉莉·法尔雅 / 黛米·摩尔 玛格丽特·库里
35072279,夺命假期,,https://dou.img.lithub.cc/movie/35072279.jpg,2024-08-21(美国),https://movie.douban.com/subject/35072279/,5,"动作,惊悚,恐怖",,,,2025-03-09 11:10:16,2024 / 美国 / 动作 惊悚 恐怖 / 迈克尔·利维 / 杰弗瑞·考姆斯 查尔斯·鲍威尔
36449294,六姊妹,,https://dou.img.lithub.cc/movie/36449294.jpg,2025-02-03(中国大陆),https://movie.douban.com/subject/36449294/,5.7,剧情,,,,2025-03-01 18:51:16,2025 / 中国大陆 / 剧情 / 楼健 / 梅婷 陆毅
30264504,异界,,https://dou.img.lithub.cc/movie/30264504.jpg,2020-01-30(俄罗斯),https://movie.douban.com/subject/30264504/,6.2,"动作,科幻,冒险",,,,2025-02-23 12:48:52,2020 / 俄罗斯 / 动作 科幻 冒险 / 尼基塔·阿格诺夫 / 林奈·穆罕默托夫 柳波芙·阿克肖诺娃
26915602,杀死伊芙 第一季,,https://dou.img.lithub.cc/movie/26915602.jpg,2018-04-08(美国),https://movie.douban.com/subject/26915602/,8.8,"剧情,动作,惊悚",,,,2025-02-18 21:20:15,2018 / 美国 英国 意大利 / 剧情 动作 惊悚 冒险 / 荣·伊斯特 达蒙·托马斯 哈利·布拉德比尔 / 朱迪·科默 吴珊卓
34780991,哪吒之魔童闹海,,https://dou.img.lithub.cc/movie/34780991.jpg,2025-01-29(中国大陆),https://movie.douban.com/subject/34780991/,8.5,"剧情,喜剧,动画",,,电影院,2025-02-09 16:36:38,2025 / 中国大陆 / 剧情 喜剧 动画 奇幻 / 饺子 / 吕艳婷 囧森瑟夫
36126283,国色芳华,,https://dou.img.lithub.cc/movie/36126283.jpg,2025-01-07(中国大陆),https://movie.douban.com/subject/36126283/,7.8,"剧情,古装",,,,2025-02-01 09:51:27,2025 / 中国大陆 / 剧情 古装 / 丁梓光 / 杨紫 李现
36678419,漂白,,https://dou.img.lithub.cc/movie/36678419.jpg,2025-01-17(中国大陆),https://movie.douban.com/subject/36678419/,5.3,"剧情,犯罪",3,虎头蛇尾,,2025-01-27 19:40:21,2025 / 中国大陆 / 剧情 犯罪 / 曹凯 / 郭京飞 王千源
36185935,九重紫,,https://dou.img.lithub.cc/movie/36185935.jpg,2024-12-06(中国大陆),https://movie.douban.com/subject/36185935/,7.8,"剧情,爱情,古装",,,,2025-01-23 14:36:49,2024 / 中国大陆 / 剧情 爱情 古装 / 曾庆杰 / 孟子义 李昀锐
35370845,我是刑警,,https://dou.img.lithub.cc/movie/35370845.jpg,2024-11-27(中国大陆),https://movie.douban.com/subject/35370845/,7.7,"剧情,犯罪",,,,2025-01-12 18:19:16,2024 / 中国大陆 / 剧情 犯罪 / 惠楷栋 / 于和伟 富大龙
36354086,胜券在握,,https://dou.img.lithub.cc/movie/36354086.jpg,2024-11-15(中国大陆),https://movie.douban.com/subject/36354086/,6,剧情,,,,2025-01-01 23:06:38,2024 / 中国大陆 / 剧情 / 刘循子墨 / 邓超 邓家佳
36534750,小巷人家,,https://dou.img.lithub.cc/movie/36534750.jpg,2024-10-28(中国大陆),https://movie.douban.com/subject/36534750/,8.4,"剧情,家庭",,,,2024-12-29 10:38:31,2024 / 中国大陆 / 剧情 家庭 / 张开宙 / 闫妮 李光洁
27140256,白夜破晓,,https://dou.img.lithub.cc/movie/27140256.jpg,2024-11-20(中国大陆),https://movie.douban.com/subject/27140256/,5.9,"剧情,悬疑,犯罪",,,白夜追凶,2024-12-08 23:28:22,2024 / 中国大陆 / 剧情 悬疑 犯罪 / 刘英剑 / 潘粤明 王龙正
36369452,飞驰人生2,,https://dou.img.lithub.cc/movie/36369452.jpg,2024-02-10(中国大陆),https://movie.douban.com/subject/36369452/,7.6,"剧情,喜剧,运动",,,,2024-10-07 21:36:04,2024 / 中国大陆 / 剧情 喜剧 运动 / 韩寒 / 沈腾 范丞丞
36774001,逆行人生,,https://dou.img.lithub.cc/movie/36774001.jpg,2024-08-09(中国大陆),https://movie.douban.com/subject/36774001/,6.6,剧情,,,,2024-10-07 21:15:56,2024 / 中国大陆 / 剧情 / 徐峥 / 徐峥 辛芷蕾
26816104,从21世纪安全撤离,,https://dou.img.lithub.cc/movie/26816104.jpg,2024-08-02(中国大陆),https://movie.douban.com/subject/26816104/,7.3,"喜剧,科幻",,,,2024-10-06 19:44:55,2024 / 中国大陆 / 喜剧 科幻 / 李阳 / 张若昀 钟楚曦
36653918,抓娃娃,,https://dou.img.lithub.cc/movie/36653918.jpg,2024-07-16(中国大陆),https://movie.douban.com/subject/36653918/,7.1,喜剧,,,,2024-10-06 12:10:14,2024 / 中国大陆 / 喜剧 / 闫非 彭大魔 / 沈腾 马丽
25932086,我是谁：没有绝对安全的系统,,https://dou.img.lithub.cc/movie/25932086.jpg,2014-09-25(德国),https://movie.douban.com/subject/25932086/,8.2,"悬疑,惊悚,犯罪",,,,2024-09-13 20:28:50,2014 / 德国 / 悬疑 惊悚 犯罪 / 巴伦·博·欧达尔 / 汤姆·希林 埃利亚斯·穆巴里克
30469922,密室逃生2,,https://dou.img.lithub.cc/movie/30469922.jpg,2022-04-02(中国大陆),https://movie.douban.com/subject/30469922/,6.2,"悬疑,惊悚",,,,2024-09-13 19:25:15,2021 / 美国 南非 匈牙利 加拿大 / 悬疑 惊悚 / 亚当·罗比特尔 / 泰勒·拉塞尔 洛根·米勒
36127872,新生,,https://dou.img.lithub.cc/movie/36127872.jpg,2024-05-06(中国大陆),https://movie.douban.com/subject/36127872/,7,"剧情,悬疑",,,,2024-05-31 11:46:10,2024 / 中国大陆 / 剧情 悬疑 / 申奥 / 井柏然 周依然
34937650,庆余年 第二季,,https://dou.img.lithub.cc/movie/34937650.jpg,2024-05-16(中国大陆),https://movie.douban.com/subject/34937650/,7.3,"剧情,古装",,,,2024-05-31 11:44:20,2024 / 中国大陆 / 剧情 古装 / 孙皓 / 张若昀 李沁
24743711,催眠大师,,https://dou.img.lithub.cc/movie/24743711.jpg,2014-04-29(中国大陆),https://movie.douban.com/subject/24743711/,7.6,"悬疑,惊悚",,,,2024-01-08 12:55:46,2014 / 中国大陆 / 悬疑 惊悚 / 陈正道 / 徐峥 莫文蔚
35768712,一闪一闪亮星星,,https://dou.img.lithub.cc/movie/35768712.jpg,2023-12-30(中国大陆),https://movie.douban.com/subject/35768712/,5,"爱情,奇幻",,,,2024-01-08 12:55:21,2023 / 中国大陆 / 爱情 奇幻 / 陈小明 章攀 / 屈楚萧 张佳宁
35593344,奥本海默,,https://dou.img.lithub.cc/movie/35593344.jpg,2023-08-30(中国大陆),https://movie.douban.com/subject/35593344/,8.8,"剧情,传记,历史",,,,2023-09-03 19:48:48,2023 / 美国 英国 / 剧情 传记 历史 / 克里斯托弗·诺兰 / 基里安·墨菲 艾米莉·布朗特
35267224,孤注一掷,,https://dou.img.lithub.cc/movie/35267224.jpg,2023-08-08(中国大陆),https://movie.douban.com/subject/35267224/,6.8,"剧情,犯罪",5,,,2023-08-14 20:31:50,2023 / 中国大陆 / 剧情 犯罪 / 申奥 / 张艺兴 金晨
36155049,古相思曲,,https://dou.img.lithub.cc/movie/36155049.jpg,2023-06-22(中国大陆),https://movie.douban.com/subject/36155049/,8.6,"剧情,爱情,奇幻",,,,2023-08-01 19:04:28,2023 / 中国大陆 / 剧情 爱情 奇幻 古装 / 知竹 / 张雅钦 郭迦南
35946038,不完美受害人,,https://dou.img.lithub.cc/movie/35946038.jpg,2023-07-17(中国大陆),https://movie.douban.com/subject/35946038/,7.5,"剧情,悬疑,犯罪",,,,2023-08-01 19:04:12,2023 / 中国大陆 / 剧情 悬疑 犯罪 / 杨阳 / 周迅 刘奕君
36035676,长安三万里,,https://dou.img.lithub.cc/movie/36035676.jpg,2023-07-08(中国大陆),https://movie.douban.com/subject/36035676/,8.3,"动画,历史",,,,2023-07-13 21:00:17,2023 / 中国大陆 / 动画 历史 / 谢君伟 邹靖 / 杨天翔 凌振赫
5323957,安德的游戏,,https://dou.img.lithub.cc/movie/5323957.jpg,2014-01-07(中国大陆),https://movie.douban.com/subject/5323957/,7.1,"动作,科幻,冒险",2,,,2023-04-27 08:23:42,2013 / 美国 / 动作 科幻 冒险 / 加文·胡德 / 阿萨·巴特菲尔德 哈里森·福特
35267208,流浪地球2,,https://dou.img.lithub.cc/movie/35267208.jpg,2023-01-22(中国大陆),https://movie.douban.com/subject/35267208/,8.3,"科幻,冒险,灾难",5,,,2023-04-17 10:51:18,2023 / 中国大陆 / 科幻 冒险 灾难 / 郭帆 / 吴京 刘德华
26590030,夜闯寡妇村,,https://dou.img.lithub.cc/movie/26590030.jpg,2017-04-27(中国大陆),https://movie.douban.com/subject/26590030/,2.3,"悬疑,惊悚",1,,,2023-04-15 20:28:02,2017 / 中国大陆 / 悬疑 惊悚 / 邢博 / 于朦胧 王李丹鈮
4116481,极乐空间,,https://dou.img.lithub.cc/movie/4116481.jpg,2013-09-05(中国大陆),https://movie.douban.com/subject/4116481/,6.5,"剧情,动作,科幻",1,,,2023-02-22 14:01:26,2013 / 美国 / 剧情 动作 科幻 / 尼尔·布洛姆坎普 / 马特·达蒙 朱迪·福斯特
1309101,查理和巧克力工厂,,https://dou.img.lithub.cc/movie/1309101.jpg,2005-07-15(美国),https://movie.douban.com/subject/1309101/,8.3,"喜剧,奇幻,冒险",,,,2023-02-14 23:46:02,2005 / 美国 英国 澳大利亚 / 喜剧 奇幻 冒险 / 蒂姆·波顿 / 约翰尼·德普 弗莱迪·海默
26647087,三体,,https://dou.img.lithub.cc/movie/26647087.jpg,2023-01-15(中国大陆),https://movie.douban.com/subject/26647087/,8.7,"剧情,科幻",,,,2023-02-14 23:45:43,2023 / 中国大陆 / 剧情 科幻 / 杨磊 / 张鲁一 于和伟
35465232,狂飙,,https://dou.img.lithub.cc/movie/35465232.jpg,2023-01-14(中国大陆),https://movie.douban.com/subject/35465232/,8.5,"剧情,犯罪",1,,,2023-02-07 12:47:03,2023 / 中国大陆 / 剧情 犯罪 / 徐纪周 / 张译 张颂文
26353671,明日战记,,https://dou.img.lithub.cc/movie/26353671.jpg,2022-08-05(中国大陆),https://movie.douban.com/subject/26353671/,6.1,"动作,科幻",,,,2023-01-14 00:00:56,2022 / 中国香港 中国大陆 / 动作 科幻 / 吴炫辉 / 古天乐 刘青云
36200703,纸人回魂,,https://dou.img.lithub.cc/movie/36200703.jpg,2023-01-06(中国大陆网络),https://movie.douban.com/subject/36200703/,6.4,"悬疑,恐怖",,,,2023-01-13 13:50:55,2023 / 中国大陆 / 悬疑 恐怖 / 成思毅 / 韩栋 陈紫函
26694926,狼行者,,https://dou.img.lithub.cc/movie/26694926.jpg,2021-07-03(中国大陆),https://movie.douban.com/subject/26694926/,7.7,"动画,奇幻,冒险",,,,2022-12-10 22:20:01,2020 / 爱尔兰 英国 卢森堡 法国 / 动画 奇幻 冒险 / 汤姆·摩尔 罗斯·斯图尔特 / 霍纳·妮芙茜 伊娃·惠塔克
1428581,天书奇谭,,https://dou.img.lithub.cc/movie/1428581.jpg,1983(中国大陆),https://movie.douban.com/subject/1428581/,9.2,"动画,奇幻",,123,#1,2022-08-30 22:43:36,1983 / 中国大陆 / 动画 奇幻 / 王树忱 钱运达 / 丁建华 毕克
25757186,伦敦陷落,,https://dou.img.lithub.cc/movie/25757186.jpg,2016-04-08(中国大陆),https://movie.douban.com/subject/25757186/,6.3,"动作,惊悚,犯罪",1,,,2022-07-11 13:03:36,2016 / 英国 美国 保加利亚 / 动作 惊悚 犯罪 / 巴巴克·纳加非 / 杰拉德·巴特勒 艾伦·艾克哈特
10743974,奥林匹斯的陷落,,https://dou.img.lithub.cc/movie/10743974.jpg,2013-12-29(中国大陆),https://movie.douban.com/subject/10743974/,6.5,"动作,犯罪",2,,,2022-07-11 07:48:25,2013 / 美国 / 动作 犯罪 / 安东尼·福奎阿 / 杰拉德·巴特勒 艾伦·艾克哈特
26774033,幕后玩家,,https://dou.img.lithub.cc/movie/26774033.jpg,2018-04-28(中国大陆),https://movie.douban.com/subject/26774033/,5.6,"剧情,悬疑,犯罪",,,,2022-07-04 16:15:57,2018 / 中国大陆 / 剧情 悬疑 犯罪 / 任鹏远 / 徐峥 王丽坤
3606973,地心历险记2：神秘岛,,https://dou.img.lithub.cc/movie/3606973.jpg,2012-02-10(中国大陆),https://movie.douban.com/subject/3606973/,6.4,"动作,科幻,冒险",,,,2022-06-19 19:41:22,2012 / 美国 / 动作 科幻 冒险 / 布拉德·佩顿 / 道恩·强森 乔什·哈切森
20276229,007：无暇赴死,,https://dou.img.lithub.cc/movie/20276229.jpg,2021-10-29(中国大陆),https://movie.douban.com/subject/20276229/,6.6,"动作,惊悚,冒险",,,,2022-05-05 22:01:03,2021 / 英国 美国 / 动作 惊悚 冒险 / 凯瑞·福永 / 丹尼尔·克雷格 蕾雅·赛杜
35422807,扬名立万,,https://dou.img.lithub.cc/movie/35422807.jpg,2021-11-11(中国大陆),https://movie.douban.com/subject/35422807/,7.4,"剧情,喜剧,悬疑",,,,2022-05-03 17:44:13,2021 / 中国大陆 / 剧情 喜剧 悬疑 / 刘循子墨 / 尹正 邓家佳
35344085,我在他乡挺好的,,https://dou.img.lithub.cc/movie/35344085.jpg,2021-07-19(中国大陆),https://movie.douban.com/subject/35344085/,8.1,"剧情,爱情",,,,2021-12-03 23:59:27,2021 / 中国大陆 / 剧情 爱情 / 李漠 / 周雨彤 任素汐
30413052,攀登者,,https://dou.img.lithub.cc/movie/30413052.jpg,2019-09-30(中国大陆),https://movie.douban.com/subject/30413052/,6,"剧情,爱情,冒险",,,,2021-11-21 22:29:57,2019 / 中国大陆 / 剧情 爱情 冒险 / 李仁港 / 吴京 章子怡
32659890,我和我的祖国,,https://dou.img.lithub.cc/movie/32659890.jpg,2019-09-30(中国大陆),https://movie.douban.com/subject/32659890/,7.6,剧情,,,,2021-11-21 22:29:30,2019 / 中国大陆 / 剧情 / 陈凯歌 张一白 管虎 薛晓路 徐峥 宁浩 文牧野 / 黄渤 张译
27109679,密室逃生,,https://dou.img.lithub.cc/movie/27109679.jpg,2019-01-18(中国大陆),https://movie.douban.com/subject/27109679/,7.1,"悬疑,惊悚",,,,2021-11-21 22:29:19,2019 / 美国 南非 / 悬疑 惊悚 / 亚当·罗比特尔 / 泰勒·拉塞尔 洛根·米勒
34913671,哆啦A梦：伴我同行2,,https://dou.img.lithub.cc/movie/34913671.jpg,2021-05-28(中国大陆),https://movie.douban.com/subject/34913671/,7.1,"剧情,动画",,,,2021-10-24 12:15:37,2020 / 日本 / 剧情 动画 / 八木龙一 山崎贵 / 水田山葵 大原惠美
3011051,恐怖游轮,,https://dou.img.lithub.cc/movie/3011051.jpg,2009-10-16(英国),https://movie.douban.com/subject/3011051/,8.5,"剧情,悬疑,惊悚",,,,2021-10-07 19:40:14,2009 / 英国 澳大利亚 / 剧情 悬疑 惊悚 / 克里斯托弗·史密斯 / 梅利莎·乔治 利亚姆·海姆斯沃斯
35202793,扫黑风暴,,https://dou.img.lithub.cc/movie/35202793.jpg,2021-08-09(中国大陆),https://movie.douban.com/subject/35202793/,7.1,"剧情,犯罪",,,,2021-09-06 07:52:34,2021 / 中国大陆 / 剧情 犯罪 / 五百 / 孙红雷 张艺兴
35158160,我的姐姐,,https://dou.img.lithub.cc/movie/35158160.jpg,2021-04-02(中国大陆),https://movie.douban.com/subject/35158160/,6.9,"剧情,家庭",,,,2021-06-13 14:20:58,2021 / 中国大陆 / 剧情 家庭 / 殷若昕 / 张子枫 肖央
35027719,兴安岭猎人传说,,https://dou.img.lithub.cc/movie/35027719.jpg,2021-04-01(中国大陆),https://movie.douban.com/subject/35027719/,5.9,"悬疑,恐怖,冒险",,,,2021-06-04 20:12:59,2021 / 中国大陆 / 悬疑 恐怖 冒险 / 刘轩狄 / 尚铁龙 林枫烨
34892096,我的三体之章北海传,,https://dou.img.lithub.cc/movie/34892096.jpg,2020-01-21(中国大陆),https://movie.douban.com/subject/34892096/,9.6,"剧情,科幻,动画",,,,2021-05-16 00:06:15,2020 / 中国大陆 / 剧情 科幻 动画 / 李圳宜 / 巫蛊悠悠 芥末
34779692,新神榜：哪吒重生,,https://dou.img.lithub.cc/movie/34779692.jpg,2021-02-12(中国大陆),https://movie.douban.com/subject/34779692/,6.8,"动作,动画,奇幻",,,,2021-05-01 17:07:30,2021 / 中国大陆 / 动作 动画 奇幻 / 赵霁 / 杨天翔 张赫
27619748,唐人街探案3,,https://dou.img.lithub.cc/movie/27619748.jpg,2021-02-12(中国大陆),https://movie.douban.com/subject/27619748/,5.3,"喜剧,悬疑",,,,2021-05-01 11:11:58,2021 / 中国大陆 中国香港 日本 / 喜剧 悬疑 / 陈思诚 / 王宝强 刘昊然
1464526,横空出世,,https://dou.img.lithub.cc/movie/1464526.jpg,1999-12-12(中国大陆),https://movie.douban.com/subject/1464526/,9.4,"剧情,历史",5,,,2021-04-25 23:14:48,1999 / 中国大陆 / 剧情 历史 / 陈国星 / 李雪健 李幼斌
27098632,未知电视剧,,https://dou.img.lithub.cc/movie/27098632.jpg,,https://movie.douban.com/subject/27098632/,0,,,,,2021-04-18 08:10:24,
26416603,萨利机长,,https://dou.img.lithub.cc/movie/26416603.jpg,2016-12-09(中国大陆),https://movie.douban.com/subject/26416603/,8.3,"剧情,传记",,,,2021-04-15 22:51:31,2016 / 美国 / 剧情 传记 / 克林特·伊斯特伍德 / 汤姆·汉克斯 艾伦·艾克哈特
26826330,刺杀小说家,,https://dou.img.lithub.cc/movie/26826330.jpg,2021-02-12(中国大陆),https://movie.douban.com/subject/26826330/,6.5,"动作,奇幻,冒险",,,,2021-04-10 18:04:10,2021 / 中国大陆 / 动作 奇幻 冒险 / 路阳 / 雷佳音 杨幂
1291550,天下无贼,,https://dou.img.lithub.cc/movie/1291550.jpg,2004-12-09(中国大陆),https://movie.douban.com/subject/1291550/,8.2,"剧情,动作,犯罪",,,,2021-04-08 20:02:44,2004 / 中国大陆 中国香港 / 剧情 动作 犯罪 / 冯小刚 / 刘德华 刘若英
26061679,触不可及(美版),,https://dou.img.lithub.cc/movie/26061679.jpg,2019-11-22(中国大陆),https://movie.douban.com/subject/26061679/,7.5,"剧情,喜剧",,,,2021-04-05 15:56:31,2017 / 美国 / 剧情 喜剧 / 尼尔·博格 / 凯文·哈特 布莱恩·克兰斯顿
30413128,风犬少年的天空,,https://dou.img.lithub.cc/movie/30413128.jpg,2020-09-24(中国大陆),https://movie.douban.com/subject/30413128/,7.9,喜剧,,,,2021-03-28 17:24:43,2020 / 中国大陆 / 喜剧 / 张一白 韩琰 李炳强 / 彭昱畅 张婧仪
26853690,人类削减计划,,https://dou.img.lithub.cc/movie/26853690.jpg,2016-10-12(美国),https://movie.douban.com/subject/26853690/,5.5,"科幻,惊悚",,,,2021-03-18 20:42:51,2016 / 美国 / 科幻 惊悚 / 迈克尔·J·格拉赫 / 罗根·保罗 佩顿·李斯特
35096844,送你一朵小红花,,https://dou.img.lithub.cc/movie/35096844.jpg,2020-12-31(中国大陆),https://movie.douban.com/subject/35096844/,7.2,剧情,,,,2021-03-07 18:07:10,2020 / 中国大陆 / 剧情 / 韩延 / 易烊千玺 刘浩存
26765222,南方有乔木,,https://dou.img.lithub.cc/movie/26765222.jpg,2018-03-25(中国大陆),https://movie.douban.com/subject/26765222/,5.3,"剧情,爱情",,,,2021-02-23 20:47:40,2018 / 中国大陆 / 剧情 爱情 / 林妍 / 陈伟霆 白百何
35084419,跨过鸭绿江,,https://dou.img.lithub.cc/movie/35084419.jpg,2020-12-27(中国大陆),https://movie.douban.com/subject/35084419/,8.4,"历史,战争",,,,2021-02-18 20:47:35,2020 / 中国大陆 / 历史 战争 / 董亚春 马跃千 黄楠 姜威 / 唐国强 孙维民
34841067,你好，李焕英,,https://dou.img.lithub.cc/movie/34841067.jpg,2021-02-12(中国大陆),https://movie.douban.com/subject/34841067/,7.7,"剧情,喜剧,奇幻",,,,2021-02-16 22:23:38,2021 / 中国大陆 / 剧情 喜剧 奇幻 / 贾玲 / 贾玲 张小斐
30171425,扫毒2：天地对决,,https://dou.img.lithub.cc/movie/30171425.jpg,2019-07-05(中国大陆),https://movie.douban.com/subject/30171425/,5.9,"剧情,动作,悬疑",,,,2021-01-30 20:38:55,2019 / 中国大陆 中国香港 / 剧情 动作 悬疑 犯罪 / 邱礼涛 / 刘德华 古天乐
10763164,扫毒,,https://dou.img.lithub.cc/movie/10763164.jpg,2013-11-29(中国大陆),https://movie.douban.com/subject/10763164/,7.6,"剧情,动作,悬疑",,,,2021-01-30 20:38:47,2013 / 中国大陆 中国香港 / 剧情 动作 悬疑 犯罪 / 陈木胜 / 古天乐 张家辉
25798448,解救吾先生,,https://dou.img.lithub.cc/movie/25798448.jpg,2015-09-30(中国大陆),https://movie.douban.com/subject/25798448/,7.7,"剧情,犯罪",,,,2021-01-30 20:07:42,2015 / 中国大陆 / 剧情 犯罪 / 丁晟 / 刘德华 刘烨
26774722,心理罪之城市之光,,https://dou.img.lithub.cc/movie/26774722.jpg,2017-12-22(中国大陆),https://movie.douban.com/subject/26774722/,5.8,"动作,悬疑,犯罪",,,,2021-01-30 20:06:44,2017 / 中国大陆 中国香港 / 动作 悬疑 犯罪 / 徐纪周 / 邓超 阮经天
26698000,心理罪,,https://dou.img.lithub.cc/movie/26698000.jpg,2017-08-11(中国大陆),https://movie.douban.com/subject/26698000/,4.9,"动作,悬疑,犯罪",,,,2021-01-30 16:53:14,2017 / 中国大陆 / 动作 悬疑 犯罪 / 谢东燊 / 廖凡 李易峰
5996825,济公游记,,https://dou.img.lithub.cc/movie/5996825.jpg,1998,https://movie.douban.com/subject/5996825/,9.4,"剧情,喜剧,古装",,,,2021-01-27 13:41:34,1998 / 中国大陆 / 剧情 喜剧 古装 / 游本昌 张晓秋 / 游本昌
2210236,济公,,https://dou.img.lithub.cc/movie/2210236.jpg,1985-09-03(中国大陆),https://movie.douban.com/subject/2210236/,8.7,"喜剧,奇幻,古装",,,,2021-01-27 13:41:12,1985 / 中国大陆 / 喜剧 奇幻 古装 / 张戈 / 游本昌 吕凉
1298041,黑洞表面,,https://dou.img.lithub.cc/movie/1298041.jpg,1997-08-15(美国),https://movie.douban.com/subject/1298041/,7,"科幻,悬疑,恐怖",,,,2021-01-23 18:44:40,1997 / 英国 美国 / 科幻 悬疑 恐怖 / 保罗·安德森 / 劳伦斯·菲什伯恩 山姆·尼尔
24860563,招魂2,,https://dou.img.lithub.cc/movie/24860563.jpg,2016-06-10(美国),https://movie.douban.com/subject/24860563/,7.9,"剧情,悬疑,恐怖",,,,2021-01-23 15:16:50,2016 / 加拿大 美国 英国 / 剧情 悬疑 恐怖 / 温子仁 / 帕特里克·威尔森 维拉·法米加
26997663,寂静之地,,https://dou.img.lithub.cc/movie/26997663.jpg,2018-05-18(中国大陆),https://movie.douban.com/subject/26997663/,6.3,"惊悚,恐怖",,,,2021-01-23 12:50:27,2018 / 美国 / 惊悚 恐怖 / 约翰·卡拉辛斯基 / 艾米莉·布朗特 约翰·卡拉辛斯基
3804629,招魂,,https://dou.img.lithub.cc/movie/3804629.jpg,2013-06-08(马德里奇幻电影节),https://movie.douban.com/subject/3804629/,8.1,"悬疑,惊悚,恐怖",,,,2021-01-23 12:49:11,2013 / 美国 / 悬疑 惊悚 恐怖 / 温子仁 / 维拉·法米加 帕特里克·威尔森
27114416,廉政风云,,https://dou.img.lithub.cc/movie/27114416.jpg,2019-02-05(中国大陆),https://movie.douban.com/subject/27114416/,5.4,"剧情,悬疑,犯罪",,,,2021-01-23 10:51:02,2019 / 中国香港 中国大陆 / 剧情 悬疑 犯罪 / 麦兆辉 / 刘青云 张家辉
11505245,最美的时候遇见你,,https://dou.img.lithub.cc/movie/11505245.jpg,2015-12-11(中国大陆),https://movie.douban.com/subject/11505245/,6.4,爱情,,,,2021-01-16 08:46:55,2014 / 中国大陆 / 爱情 / 吴娜 / 谭松韵 罗云熙
2265740,千年敬祈,,https://dou.img.lithub.cc/movie/2265740.jpg,2007-09-09,https://movie.douban.com/subject/2265740/,7.6,"剧情,家庭",,,,2021-01-15 22:04:45,2007 / 美国 / 剧情 家庭 / 王颖 / 蒋锡礽 帕沙·D.林奇尼科夫
26593587,天才少女,,https://dou.img.lithub.cc/movie/26593587.jpg,2017-04-12(美国),https://movie.douban.com/subject/26593587/,8.3,"剧情,家庭",,,,2021-01-15 19:27:46,2017 / 美国 / 剧情 家庭 / 马克·韦布 / 克里斯·埃文斯 麦肯娜·格瑞丝
26816383,喜欢你,,https://dou.img.lithub.cc/movie/26816383.jpg,2017-04-27(中国大陆),https://movie.douban.com/subject/26816383/,6.7,"喜剧,爱情",,,,2021-01-15 12:38:00,2017 / 中国大陆 中国香港 / 喜剧 爱情 / 许宏宇 / 金城武 周冬雨
6532822,生化危机5：惩罚,,https://dou.img.lithub.cc/movie/6532822.jpg,2013-03-17(中国大陆),https://movie.douban.com/subject/6532822/,6.4,"动作,科幻,恐怖",,,,2021-01-12 11:29:07,2012 / 德国 加拿大 美国 法国 / 动作 科幻 恐怖 / 保罗·安德森 / 米拉·乔沃维奇 米歇尔·罗德里格兹
3041294,生化危机4：战神再生,,https://dou.img.lithub.cc/movie/3041294.jpg,2010-11-16(中国大陆),https://movie.douban.com/subject/3041294/,6.9,"动作,科幻,恐怖",,,,2021-01-12 11:29:06,2010 / 德国 法国 美国 加拿大 / 动作 科幻 恐怖 / 保罗·安德森 / 米拉·乔沃维奇 艾丽·拉特
1308752,生化危机2：启示录,,https://dou.img.lithub.cc/movie/1308752.jpg,2004-09-10(加拿大),https://movie.douban.com/subject/1308752/,8,"动作,科幻,恐怖",,,,2021-01-12 11:29:05,2004 / 德国 法国 英国 加拿大 美国 / 动作 科幻 恐怖 / 亚历山大·维特 / 米拉·乔沃维奇 西耶娜·盖尔利
1482911,生化危机3：灭绝,,https://dou.img.lithub.cc/movie/1482911.jpg,2007-09-21(美国),https://movie.douban.com/subject/1482911/,7.5,"动作,科幻,恐怖",,,,2021-01-12 11:29:05,2007 / 美国 法国 澳大利亚 德国 英国 / 动作 科幻 恐怖 / 拉塞尔·穆卡希 / 米拉·乔沃维奇 奥德·菲尔
1306809,生化危机,,https://dou.img.lithub.cc/movie/1306809.jpg,2002-03-15(美国),https://movie.douban.com/subject/1306809/,8.3,"动作,科幻,恐怖",,,,2021-01-12 11:29:04,2002 / 英国 德国 法国 美国 加拿大 / 动作 科幻 恐怖 / 保罗·安德森 / 米拉·乔沃维奇 米歇尔·罗德里格兹
20471852,生化危机：终章,,https://dou.img.lithub.cc/movie/20471852.jpg,2017-02-24(中国大陆),https://movie.douban.com/subject/20471852/,6.5,"动作,科幻,恐怖",,,,2021-01-12 11:28:54,2016 / 美国 德国 法国 加拿大 南非 澳大利亚 英国 日本 中国大陆 / 动作 科幻 恐怖 / 保罗·安德森 / 米拉·乔沃维奇 伊恩·格雷
26662193,前任3：再见前任,,https://dou.img.lithub.cc/movie/26662193.jpg,2017-12-29(中国大陆),https://movie.douban.com/subject/26662193/,5.5,"喜剧,爱情",,,,2021-01-12 11:28:22,2017 / 中国大陆 / 喜剧 爱情 / 田羽生 / 韩庚 郑恺
25881786,前任2：备胎反击战,,https://dou.img.lithub.cc/movie/25881786.jpg,2015-11-06(中国大陆),https://movie.douban.com/subject/25881786/,5.2,"喜剧,爱情",,,,2021-01-12 11:28:11,2015 / 中国大陆 中国香港 / 喜剧 爱情 / 田羽生 / 郑恺 郭采洁
26140241,咱们结婚吧,,https://dou.img.lithub.cc/movie/26140241.jpg,2015-04-02(中国大陆),https://movie.douban.com/subject/26140241/,5.9,"喜剧,爱情",,,,2021-01-12 11:27:59,2015 / 中国大陆 / 喜剧 爱情 / 刘江 / 高圆圆 姜武
20388198,风暴,,https://dou.img.lithub.cc/movie/20388198.jpg,2013-12-12(中国大陆),https://movie.douban.com/subject/20388198/,6.5,"动作,犯罪",,,,2021-01-10 21:02:43,2013 / 中国香港 中国大陆 / 动作 犯罪 / 袁锦麟 / 刘德华 姚晨
6890730,寒战,,https://dou.img.lithub.cc/movie/6890730.jpg,2012-11-08(中国大陆),https://movie.douban.com/subject/6890730/,7.6,"剧情,动作,犯罪",,,,2021-01-10 16:11:34,2012 / 中国香港 中国大陆 / 剧情 动作 犯罪 / 梁乐民 陆剑青 / 郭富城 梁家辉
20505982,寒战2,,https://dou.img.lithub.cc/movie/20505982.jpg,2016-07-08(中国大陆),https://movie.douban.com/subject/20505982/,7.2,"剧情,动作,犯罪",,,,2021-01-10 16:11:29,2016 / 中国大陆 中国香港 / 剧情 动作 犯罪 / 梁乐民 陆剑青 / 郭富城 梁家辉
20515977,魔警,,https://dou.img.lithub.cc/movie/20515977.jpg,2014-04-18(中国大陆),https://movie.douban.com/subject/20515977/,6.1,"动作,悬疑,惊悚",,,,2021-01-10 16:05:42,2014 / 中国香港 中国大陆 / 动作 悬疑 惊悚 犯罪 / 林超贤 / 吴彦祖 张家辉
26425063,无双,,https://dou.img.lithub.cc/movie/26425063.jpg,2018-09-30(中国大陆),https://movie.douban.com/subject/26425063/,8,"剧情,动作,悬疑",,,,2020-12-31 19:25:15,2018 / 中国大陆 中国香港 / 剧情 动作 悬疑 犯罪 / 庄文强 / 周润发 郭富城
30171424,拆弹专家2,,https://dou.img.lithub.cc/movie/30171424.jpg,2020-12-24(中国大陆),https://movie.douban.com/subject/30171424/,7.4,"动作,犯罪",,,,2020-12-29 19:35:06,2020 / 中国大陆 中国香港 / 动作 犯罪 / 邱礼涛 / 刘德华 刘青云
2044102,导火线,,https://dou.img.lithub.cc/movie/2044102.jpg,2007-08-03(中国大陆),https://movie.douban.com/subject/2044102/,7.5,"动作,犯罪",,,,2020-12-29 19:33:39,2007 / 中国香港 中国大陆 / 动作 犯罪 / 叶伟信 / 甄子丹 古天乐
34884165,半泽直树年纪念 第0章～被瞄准的半泽直树的密码～,,https://dou.img.lithub.cc/movie/34884165.jpg,2020-01-03(日本),https://movie.douban.com/subject/34884165/,6.4,剧情,,,,2020-12-22 12:59:10,2020 / 日本 / 剧情 / 松木彩 / 吉泽亮 今田美樱
25806638,半泽直树2,,https://dou.img.lithub.cc/movie/25806638.jpg,2020-07-19(日本),https://movie.douban.com/subject/25806638/,9.4,剧情,,,,2020-12-22 12:58:19,2020 / 日本 / 剧情 / 福泽克雄 田中健太 松木彩 / 堺雅人 上户彩
24697949,半泽直树,,https://dou.img.lithub.cc/movie/24697949.jpg,2013-07-07(日本),https://movie.douban.com/subject/24697949/,9.2,剧情,,,,2020-12-22 12:58:04,2013 / 日本 / 剧情 / 福泽克雄 棚泽孝义 田中健太 / 堺雅人 上户彩
35155748,金刚川,,https://dou.img.lithub.cc/movie/35155748.jpg,2020-10-23(中国大陆),https://movie.douban.com/subject/35155748/,6.3,"剧情,战争",,,,2020-12-12 16:17:06,2020 / 中国大陆 / 剧情 战争 / 管虎 郭帆 路阳 / 张译 吴京
3804891,无人区,,https://dou.img.lithub.cc/movie/3804891.jpg,2013-12-03(中国大陆),https://movie.douban.com/subject/3804891/,8.4,"剧情,犯罪,西部",,,,2020-12-01 21:57:47,2013 / 中国大陆 / 剧情 犯罪 西部 / 宁浩 / 徐峥 黄渤
26336252,碟中谍6：全面瓦解,,https://dou.img.lithub.cc/movie/26336252.jpg,2018-08-31(中国大陆),https://movie.douban.com/subject/26336252/,8.1,"动作,惊悚,冒险",,,,2020-11-30 20:36:30,2018 / 美国 中国大陆 法国 挪威 英国 / 动作 惊悚 冒险 / 克里斯托弗·麦奎里 / 汤姆·克鲁斯 亨利·卡维尔
3068206,碟中谍4,,https://dou.img.lithub.cc/movie/3068206.jpg,2012-01-28(中国大陆),https://movie.douban.com/subject/3068206/,8.4,"动作,惊悚,冒险",,,,2020-11-30 20:36:29,2011 / 美国 / 动作 惊悚 冒险 / 布拉德·伯德 / 汤姆·克鲁斯 杰瑞米·雷纳
1401533,碟中谍3,,https://dou.img.lithub.cc/movie/1401533.jpg,2006-07-20(中国大陆),https://movie.douban.com/subject/1401533/,7.7,"动作,惊悚,冒险",,,,2020-11-30 20:36:28,2006 / 美国 德国 中国大陆 意大利 / 动作 惊悚 冒险 / J·J·艾布拉姆斯 / 汤姆·克鲁斯 菲利普·塞默·霍夫曼
1298525,碟中谍2,,https://dou.img.lithub.cc/movie/1298525.jpg,2002-11-28(中国大陆),https://movie.douban.com/subject/1298525/,7.3,"动作,惊悚,冒险",,,,2020-11-30 20:36:27,2000 / 美国 德国 / 动作 惊悚 冒险 / 吴宇森 / 汤姆·克鲁斯 多格雷·斯科特
1292484,碟中谍,,https://dou.img.lithub.cc/movie/1292484.jpg,1996-05-22(美国),https://movie.douban.com/subject/1292484/,8.3,"动作,惊悚,冒险",,,,2020-11-30 20:36:26,1996 / 美国 / 动作 惊悚 冒险 / 布莱恩·德·帕尔玛 / 汤姆·克鲁斯 乔恩·沃伊特
10727641,碟中谍5：神秘国度,,https://dou.img.lithub.cc/movie/10727641.jpg,2015-09-08(中国大陆),https://movie.douban.com/subject/10727641/,7.9,"动作,惊悚,冒险",,,,2020-11-30 20:36:20,2015 / 美国 中国大陆 奥地利 英国 摩洛哥 / 动作 惊悚 冒险 / 克里斯托弗·麦奎里 / 汤姆·克鲁斯 杰瑞米·雷纳
27088994,暖暖，请多指教,,https://dou.img.lithub.cc/movie/27088994.jpg,2020-05-13(中国大陆),https://movie.douban.com/subject/27088994/,6.1,"剧情,爱情",,,,2020-11-30 20:35:55,2020 / 中国大陆 / 剧情 爱情 / 王岩 / 梁靖康 李凯馨
26366465,我的少女时代,,https://dou.img.lithub.cc/movie/26366465.jpg,2015-11-19(中国大陆),https://movie.douban.com/subject/26366465/,7.8,"喜剧,爱情",,,,2020-11-25 21:28:09,2015 / 中国台湾 / 喜剧 爱情 / 陈玉珊 / 宋芸桦 王大陆
1578714,神奇女侠,,https://dou.img.lithub.cc/movie/1578714.jpg,2017-06-02(中国大陆),https://movie.douban.com/subject/1578714/,7.1,"动作,奇幻,冒险",,,,2020-11-25 21:27:53,2017 / 美国 中国大陆 中国香港 / 动作 奇幻 冒险 / 派蒂·杰金斯 / 盖尔·加朵 克里斯·派恩
21817627,爱宠大机密,,https://dou.img.lithub.cc/movie/21817627.jpg,2016-08-02(中国大陆),https://movie.douban.com/subject/21817627/,7.8,"喜剧,动画",,,,2020-11-25 21:27:36,2016 / 美国 / 喜剧 动画 / 克里斯·雷纳德 亚罗·切尼 / 路易·C·K 艾瑞克·斯通斯崔特
21349734,博物馆奇妙夜3,,https://dou.img.lithub.cc/movie/21349734.jpg,2015-01-04(中国大陆),https://movie.douban.com/subject/21349734/,7.3,"喜剧,奇幻,冒险",,,,2020-11-24 22:15:24,2014 / 美国 英国 / 喜剧 奇幻 冒险 / 肖恩·利维 / 本·斯蒂勒 罗宾·威廉姆斯
2257732,博物馆奇妙夜2,,https://dou.img.lithub.cc/movie/2257732.jpg,2009-05-26(中国大陆),https://movie.douban.com/subject/2257732/,7.2,"喜剧,动作,奇幻",,,,2020-11-24 22:15:17,2009 / 美国 加拿大 / 喜剧 动作 奇幻 冒险 / 肖恩·利维 / 本·斯蒂勒 艾米·亚当斯
1835843,博物馆奇妙夜,,https://dou.img.lithub.cc/movie/1835843.jpg,2007-02-14(中国大陆),https://movie.douban.com/subject/1835843/,7.7,"喜剧,动作,家庭",,,,2020-11-24 22:15:07,2006 / 美国 英国 / 喜剧 动作 家庭 奇幻 冒险 / 肖恩·利维 / 本·斯蒂勒 欧文·威尔逊
3878007,海王,,https://dou.img.lithub.cc/movie/3878007.jpg,2018-12-07(中国大陆),https://movie.douban.com/subject/3878007/,7.6,"动作,奇幻,冒险",,,,2020-11-22 21:57:26,2018 / 美国 澳大利亚 / 动作 奇幻 冒险 / 温子仁 / 杰森·莫玛 安珀·赫德
2133323,白日梦想家,,https://dou.img.lithub.cc/movie/2133323.jpg,2013-12-25(美国),https://movie.douban.com/subject/2133323/,8.6,"剧情,喜剧,冒险",5,看完之后的几点想法：有梦就要迈开腿，大胆去做，不试试又怎么知道行不行呢。家人永运在后面。,,2020-11-22 21:57:06,2013 / 美国 英国 / 剧情 喜剧 冒险 / 本·斯蒂勒 / 本·斯蒂勒 克里斯汀·韦格
6517421,惊天魔盗团,,https://dou.img.lithub.cc/movie/6517421.jpg,2013-10-10(中国大陆),https://movie.douban.com/subject/6517421/,7.8,"剧情,悬疑,犯罪",,,,2020-11-22 12:39:30,2013 / 美国 法国 / 剧情 悬疑 犯罪 / 路易斯·莱特里尔 / 杰西·艾森伯格 艾拉·菲舍尔
1485260,本杰明·巴顿奇事,,https://dou.img.lithub.cc/movie/1485260.jpg,2008-12-25(美国),https://movie.douban.com/subject/1485260/,9,"剧情,爱情,奇幻",,,,2020-11-22 12:36:50,2008 / 美国 / 剧情 爱情 奇幻 / 大卫·芬奇 / 凯特·布兰切特 布拉德·皮特
5320233,李献计历险记,,https://dou.img.lithub.cc/movie/5320233.jpg,2011-10-01(中国大陆),https://movie.douban.com/subject/5320233/,6.4,"爱情,奇幻,冒险",,,,2020-11-21 22:48:55,2011 / 中国大陆 / 爱情 奇幻 冒险 / 郭帆 李阳 / 房祖名 王子文
2223596,特种部队：眼镜蛇的崛起,,https://dou.img.lithub.cc/movie/2223596.jpg,2009-08-07(中国大陆),https://movie.douban.com/subject/2223596/,7.3,"动作,科幻",,,,2020-11-21 15:23:31,2009 / 美国 / 动作 科幻 / 斯蒂芬·索莫斯 / 查宁·塔图姆 约瑟夫·高登-莱维特
4301181,特种部队2：全面反击,,https://dou.img.lithub.cc/movie/4301181.jpg,2013-04-15(中国大陆),https://movie.douban.com/subject/4301181/,6.6,"动作,科幻",,,,2020-11-21 15:23:01,2013 / 美国 / 动作 科幻 / 朱浩伟 / 道恩·强森 雷·帕克
25977027,小姐,,https://dou.img.lithub.cc/movie/25977027.jpg,2016-05-14(戛纳电影节),https://movie.douban.com/subject/25977027/,8.5,"剧情,悬疑,情色",,,,2020-11-19 21:30:27,2016 / 韩国 / 剧情 悬疑 情色 同性 / 朴赞郁 / 金敏喜 金泰梨
26667010,X战警：黑凤凰,,https://dou.img.lithub.cc/movie/26667010.jpg,2019-06-06(中国大陆),https://movie.douban.com/subject/26667010/,5.7,"动作,科幻,冒险",,,,2020-11-19 20:00:38,2019 / 美国 加拿大 / 动作 科幻 冒险 / 西蒙·金伯格 / 苏菲·特纳 詹姆斯·麦卡沃伊
25765735,金刚狼3：殊死一战,,https://dou.img.lithub.cc/movie/25765735.jpg,2017-03-03(中国大陆),https://movie.douban.com/subject/25765735/,8.3,"剧情,动作,科幻",,,,2020-11-19 20:00:36,2017 / 美国 / 剧情 动作 科幻 / 詹姆斯·曼高德 / 休·杰克曼 帕特里克·斯图尔特
10485647,X战警：逆转未来,,https://dou.img.lithub.cc/movie/10485647.jpg,2014-05-23(中国大陆),https://movie.douban.com/subject/10485647/,8.2,"剧情,动作,科幻",,,,2020-11-19 20:00:35,2014 / 美国 英国 / 剧情 动作 科幻 冒险 / 布莱恩·辛格 / 休·杰克曼 詹姆斯·麦卡沃伊
3718424,金刚狼2,,https://dou.img.lithub.cc/movie/3718424.jpg,2013-10-17(中国大陆),https://movie.douban.com/subject/3718424/,6.7,"动作,科幻",,,,2020-11-19 20:00:34,2013 / 美国 英国 / 动作 科幻 / 詹姆斯·曼高德 / 休·杰克曼 冈本多绪
3168089,X战警：第一战,,https://dou.img.lithub.cc/movie/3168089.jpg,2011-05-25(纽约首映),https://movie.douban.com/subject/3168089/,8.2,"剧情,动作,科幻",,,,2020-11-19 20:00:33,2011 / 美国 英国 / 剧情 动作 科幻 / 马修·沃恩 / 詹姆斯·麦卡沃伊 迈克尔·法斯宾德
1792928,金刚狼,,https://dou.img.lithub.cc/movie/1792928.jpg,2009-05-03(中国大陆),https://movie.douban.com/subject/1792928/,7.6,"动作,科幻",,,,2020-11-19 20:00:32,2009 / 美国 英国 / 动作 科幻 / 加文·胡德 / 休·杰克曼 列维·施瑞博尔
1401524,X战警3：背水一战,,https://dou.img.lithub.cc/movie/1401524.jpg,2006-09-08(中国大陆),https://movie.douban.com/subject/1401524/,7.7,"动作,科幻,惊悚",,,,2020-11-19 20:00:31,2006 / 美国 加拿大 英国 / 动作 科幻 惊悚 / 布莱特·拉特纳 / 休·杰克曼 哈莉·贝瑞
1305724,X战警2,,https://dou.img.lithub.cc/movie/1305724.jpg,2003-09-29(中国大陆),https://movie.douban.com/subject/1305724/,7.7,"动作,科幻,惊悚",,,,2020-11-19 20:00:30,2003 / 美国 加拿大 / 动作 科幻 惊悚 / 布莱恩·辛格 / 休·杰克曼 帕特里克·斯图尔特
1295250,X战警,,https://dou.img.lithub.cc/movie/1295250.jpg,2000-07-14(美国),https://movie.douban.com/subject/1295250/,7.8,"动作,科幻",,,,2020-11-19 20:00:29,2000 / 美国 加拿大 / 动作 科幻 / 布莱恩·辛格 / 休·杰克曼 帕特里克·斯图尔特
25786060,X战警：天启,,https://dou.img.lithub.cc/movie/25786060.jpg,2016-06-03(中国大陆),https://movie.douban.com/subject/25786060/,7.7,"动作,科幻,奇幻",,,,2020-11-19 20:00:24,2016 / 美国 / 动作 科幻 奇幻 冒险 / 布莱恩·辛格 / 詹姆斯·麦卡沃伊 迈克尔·法斯宾德
26790961,闪光少女,,https://dou.img.lithub.cc/movie/26790961.jpg,2017-07-20(中国大陆),https://movie.douban.com/subject/26790961/,7.2,"喜剧,音乐",,,,2020-11-19 19:59:57,2017 / 中国大陆 / 喜剧 音乐 / 王冉 / 徐璐 彭昱畅
26931786,蜘蛛侠：英雄远征,,https://dou.img.lithub.cc/movie/26931786.jpg,2019-06-28(中国大陆),https://movie.douban.com/subject/26931786/,7.6,"动作,科幻,冒险",,,,2020-11-19 19:58:08,2019 / 美国 / 动作 科幻 冒险 / 乔·沃茨 / 汤姆·霍兰德 赞达亚
26100958,复仇者联盟4：终局之战,,https://dou.img.lithub.cc/movie/26100958.jpg,2019-04-24(中国大陆),https://movie.douban.com/subject/26100958/,8.5,"剧情,动作,科幻",,,,2020-11-19 19:58:05,2019 / 美国 / 剧情 动作 科幻 奇幻 冒险 / 安东尼·罗素 乔·罗素 / 小罗伯特·唐尼 克里斯·埃文斯
26213252,惊奇队长,,https://dou.img.lithub.cc/movie/26213252.jpg,2019-03-08(中国大陆),https://movie.douban.com/subject/26213252/,6.8,"动作,科幻,冒险",,,,2020-11-19 19:58:04,2019 / 美国 澳大利亚 / 动作 科幻 冒险 / 安娜·波顿 瑞安·弗雷克 / 布丽·拉尔森 裘德·洛
26636712,蚁人2：黄蜂女现身,,https://dou.img.lithub.cc/movie/26636712.jpg,2018-08-24(中国大陆),https://movie.douban.com/subject/26636712/,7.2,"动作,科幻,冒险",,,,2020-11-19 19:58:03,2018 / 美国 / 动作 科幻 冒险 / 佩顿·里德 / 保罗·路德 伊万杰琳·莉莉
24773958,复仇者联盟3：无限战争,,https://dou.img.lithub.cc/movie/24773958.jpg,2018-05-11(中国大陆),https://movie.douban.com/subject/24773958/,8.1,"动作,科幻,奇幻",,,,2020-11-19 19:58:01,2018 / 美国 / 动作 科幻 奇幻 冒险 / 安东尼·罗素 乔·罗素 / 小罗伯特·唐尼 克里斯·埃文斯
6390825,黑豹,,https://dou.img.lithub.cc/movie/6390825.jpg,2018-03-09(中国大陆),https://movie.douban.com/subject/6390825/,6.5,"动作,科幻,冒险",,,,2020-11-19 19:58:00,2018 / 美国 南非 / 动作 科幻 冒险 / 瑞恩·库格勒 / 查德维克·博斯曼 露皮塔·尼永奥
25821634,雷神3：诸神黄昏,,https://dou.img.lithub.cc/movie/25821634.jpg,2017-11-03(中国大陆),https://movie.douban.com/subject/25821634/,7.4,"动作,奇幻,冒险",,,,2020-11-19 19:57:58,2017 / 美国 / 动作 奇幻 冒险 / 塔伊加·维迪提 / 克里斯·海姆斯沃斯 汤姆·希德勒斯顿
24753477,蜘蛛侠：英雄归来,,https://dou.img.lithub.cc/movie/24753477.jpg,2017-09-08(中国大陆),https://movie.douban.com/subject/24753477/,7.3,"动作,科幻,冒险",,,,2020-11-19 19:57:57,2017 / 美国 / 动作 科幻 冒险 / 乔·沃茨 / 汤姆·霍兰德 小罗伯特·唐尼
25937854,银河护卫队2,,https://dou.img.lithub.cc/movie/25937854.jpg,2017-05-05(中国大陆),https://movie.douban.com/subject/25937854/,8,"动作,科幻,冒险",,,,2020-11-19 19:57:55,2017 / 美国 / 动作 科幻 冒险 / 詹姆斯·古恩 / 克里斯·帕拉特 佐伊·索尔达娜
3025375,奇异博士,,https://dou.img.lithub.cc/movie/3025375.jpg,2016-11-04(中国大陆),https://movie.douban.com/subject/3025375/,7.6,"动作,奇幻,冒险",,,,2020-11-19 19:57:54,2016 / 美国 / 动作 奇幻 冒险 / 斯科特·德瑞克森 / 本尼迪克特·康伯巴奇 蒂尔达·斯文顿
25820460,美国队长3,,https://dou.img.lithub.cc/movie/25820460.jpg,2016-05-06(中国大陆),https://movie.douban.com/subject/25820460/,7.9,"动作,科幻",,,,2020-11-19 19:57:52,2016 / 美国 / 动作 科幻 / 安东尼·罗素 乔·罗素 / 克里斯·埃文斯 小罗伯特·唐尼
1866473,蚁人,,https://dou.img.lithub.cc/movie/1866473.jpg,2015-10-16(中国大陆),https://movie.douban.com/subject/1866473/,7.7,"动作,科幻,冒险",,,,2020-11-19 19:57:51,2015 / 美国 / 动作 科幻 冒险 / 佩顿·里德 / 保罗·路德 迈克尔·道格拉斯
7065154,银河护卫队,,https://dou.img.lithub.cc/movie/7065154.jpg,2014-10-10(中国大陆),https://movie.douban.com/subject/7065154/,8.1,"动作,科幻,冒险",,,,2020-11-19 19:57:50,2014 / 美国 / 动作 科幻 冒险 / 詹姆斯·古恩 / 克里斯·帕拉特 佐伊·索尔达娜
6390823,美国队长2,,https://dou.img.lithub.cc/movie/6390823.jpg,2014-04-04(中国大陆),https://movie.douban.com/subject/6390823/,8.1,"动作,科幻,惊悚",,,,2020-11-19 19:57:49,2014 / 美国 / 动作 科幻 惊悚 冒险 / 安东尼·罗素 乔·罗素 / 克里斯·埃文斯 斯嘉丽·约翰逊
6560058,雷神2：黑暗世界,,https://dou.img.lithub.cc/movie/6560058.jpg,2013-11-08(中国大陆),https://movie.douban.com/subject/6560058/,7.4,"动作,奇幻,冒险",,,,2020-11-19 19:57:48,2013 / 美国 / 动作 奇幻 冒险 / 阿兰·泰勒 / 克里斯·海姆斯沃斯 娜塔莉·波特曼
3231742,钢铁侠3,,https://dou.img.lithub.cc/movie/3231742.jpg,2013-05-01(中国大陆),https://movie.douban.com/subject/3231742/,7.9,"动作,科幻",,,,2020-11-19 19:57:46,2013 / 美国 中国大陆 / 动作 科幻 / 沙恩·布莱克 / 小罗伯特·唐尼 格温妮斯·帕特洛
1866479,复仇者联盟,,https://dou.img.lithub.cc/movie/1866479.jpg,2012-05-05(中国大陆),https://movie.douban.com/subject/1866479/,8.3,"动作,科幻,奇幻",,,,2020-11-19 19:57:45,2012 / 美国 / 动作 科幻 奇幻 冒险 / 乔斯·韦登 / 小罗伯特·唐尼 克里斯·埃文斯
2138838,美国队长,,https://dou.img.lithub.cc/movie/2138838.jpg,2011-09-09(中国大陆),https://movie.douban.com/subject/2138838/,7.2,"动作,科幻,冒险",,,,2020-11-19 19:57:44,2011 / 美国 / 动作 科幻 冒险 / 乔·庄斯顿 / 克里斯·埃文斯 海莉·阿特维尔
1866471,雷神,,https://dou.img.lithub.cc/movie/1866471.jpg,2011-05-08(中国大陆),https://movie.douban.com/subject/1866471/,7.2,"动作,奇幻,冒险",,,,2020-11-19 19:57:43,2011 / 美国 / 动作 奇幻 冒险 / 肯尼思·布拉纳 / 克里斯·海姆斯沃斯 娜塔莉·波特曼
3066739,钢铁侠2,,https://dou.img.lithub.cc/movie/3066739.jpg,2010-05-07(中国大陆),https://movie.douban.com/subject/3066739/,7.7,"动作,科幻,冒险",,,,2020-11-19 19:57:41,2010 / 美国 / 动作 科幻 冒险 / 乔恩·费儒 / 小罗伯特·唐尼 格温妮斯·帕特洛
1432146,钢铁侠,,https://dou.img.lithub.cc/movie/1432146.jpg,2008-04-30(中国大陆),https://movie.douban.com/subject/1432146/,8.4,"动作,科幻,惊悚",,,,2020-11-19 19:57:36,2008 / 美国 / 动作 科幻 惊悚 冒险 / 乔恩·费儒 / 小罗伯特·唐尼 格温妮斯·帕特洛
10741834,复仇者联盟2：奥创纪元,,https://dou.img.lithub.cc/movie/10741834.jpg,2015-05-12(中国大陆),https://movie.douban.com/subject/10741834/,7.5,"动作,科幻,奇幻",,,,2020-11-19 19:57:32,2015 / 美国 / 动作 科幻 奇幻 冒险 / 乔斯·韦登 / 小罗伯特·唐尼 克里斯·埃文斯
26260853,速度与激情8,,https://dou.img.lithub.cc/movie/26260853.jpg,2017-04-14(中国大陆),https://movie.douban.com/subject/26260853/,7,"动作,犯罪",,,,2020-11-19 19:57:22,2017 / 中国大陆 美国 日本 / 动作 犯罪 / F·加里·格雷 / 范·迪塞尔 杰森·斯坦森
6537500,速度与激情6,,https://dou.img.lithub.cc/movie/6537500.jpg,2013-07-26(中国大陆),https://movie.douban.com/subject/6537500/,7.9,"动作,犯罪",,,,2020-11-19 19:57:21,2013 / 美国 / 动作 犯罪 / 林诣彬 / 范·迪塞尔 保罗·沃克
4286017,速度与激情5,,https://dou.img.lithub.cc/movie/4286017.jpg,2011-05-12(中国大陆),https://movie.douban.com/subject/4286017/,8.5,"动作,犯罪",,,,2020-11-19 19:57:20,2011 / 美国 / 动作 犯罪 / 林诣彬 / 范·迪塞尔 保罗·沃克
1652618,速度与激情3：东京漂移,,https://dou.img.lithub.cc/movie/1652618.jpg,2006-06-16(美国),https://movie.douban.com/subject/1652618/,7,"动作,犯罪",,,,2020-11-19 19:57:19,2006 / 美国 德国 日本 / 动作 犯罪 / 林诣彬 / 卢卡斯·布莱克 纳塔莉·凯利
2132930,速度与激情4,,https://dou.img.lithub.cc/movie/2132930.jpg,2009-04-15(中国大陆),https://movie.douban.com/subject/2132930/,7.8,"动作,犯罪",,,,2020-11-19 19:57:19,2009 / 美国 / 动作 犯罪 / 林诣彬 / 范·迪塞尔 保罗·沃克
1307442,速度与激情2,,https://dou.img.lithub.cc/movie/1307442.jpg,2003-06-03(美国),https://movie.douban.com/subject/1307442/,7.5,"动作,犯罪",,,,2020-11-19 19:57:17,2003 / 美国 德国 / 动作 犯罪 / 约翰·辛格顿 / 保罗·沃克 泰瑞斯·吉布森
1304899,速度与激情,,https://dou.img.lithub.cc/movie/1304899.jpg,2001-06-22(美国),https://movie.douban.com/subject/1304899/,7.9,"动作,犯罪",,,,2020-11-19 19:57:16,2001 / 美国 德国 / 动作 犯罪 / 罗伯·科恩 / 保罗·沃克 范·迪塞尔
23761370,速度与激情7,,https://dou.img.lithub.cc/movie/23761370.jpg,2015-04-12(中国大陆),https://movie.douban.com/subject/23761370/,8.4,"动作,犯罪",,,,2020-11-19 19:57:10,2015 / 美国 中国大陆 日本 / 动作 犯罪 / 温子仁 / 范·迪塞尔 保罗·沃克
30331149,白蛇：缘起,,https://dou.img.lithub.cc/movie/30331149.jpg,2019-01-11(中国大陆),https://movie.douban.com/subject/30331149/,7.8,"爱情,动画,奇幻",,,,2020-11-19 19:56:54,2019 / 中国大陆 美国 / 爱情 动画 奇幻 / 黄家康 赵霁 / 张喆 杨天翔
25769362,哆啦A梦：伴我同行,,https://dou.img.lithub.cc/movie/25769362.jpg,2015-05-28(中国大陆),https://movie.douban.com/subject/25769362/,8.1,"剧情,动画",,,,2020-11-19 19:56:16,2014 / 日本 / 剧情 动画 / 八木龙一 山崎贵 / 水田山葵 大原惠美
27166442,夏目友人帐,,https://dou.img.lithub.cc/movie/27166442.jpg,2019-03-07(中国大陆),https://movie.douban.com/subject/27166442/,8,"剧情,动画,奇幻",,,,2020-11-16 20:42:03,2018 / 日本 / 剧情 动画 奇幻 / 大森贵弘 伊藤秀树 / 神谷浩史 井上和彦
26942631,起跑线,,https://dou.img.lithub.cc/movie/26942631.jpg,2018-04-04(中国大陆),https://movie.douban.com/subject/26942631/,7.9,"剧情,喜剧",,,,2020-11-15 15:31:28,2017 / 印度 / 剧情 喜剧 / 萨基特·乔杜里 / 伊尔凡·可汗 萨巴·卡玛尔
25726614,神奇动物在哪里,,https://dou.img.lithub.cc/movie/25726614.jpg,2016-11-25(中国大陆),https://movie.douban.com/subject/25726614/,7.7,"剧情,奇幻,冒险",,,,2020-11-15 13:04:29,2016 / 英国 美国 / 剧情 奇幻 冒险 / 大卫·叶茨 / 埃迪·雷德梅恩 凯瑟琳·沃特斯顿
26259677,垫底辣妹,,https://dou.img.lithub.cc/movie/26259677.jpg,2016-04-14(中国大陆),https://movie.douban.com/subject/26259677/,8.3,"剧情,家庭",,,,2020-11-15 13:03:48,2015 / 日本 / 剧情 家庭 / 土井裕泰 / 有村架纯 伊藤淳史
3227410,加勒比海盗4：惊涛怪浪,,https://dou.img.lithub.cc/movie/3227410.jpg,2011-05-20(中国大陆),https://movie.douban.com/subject/3227410/,7.9,"动作,奇幻,冒险",,,,2020-11-15 11:18:09,2011 / 美国 / 动作 奇幻 冒险 / 罗伯·马歇尔 / 约翰尼·德普 佩内洛普·克鲁兹
1418192,加勒比海盗3：世界的尽头,,https://dou.img.lithub.cc/movie/1418192.jpg,2007-06-12(中国大陆),https://movie.douban.com/subject/1418192/,8.4,"动作,奇幻,冒险",,,,2020-11-15 11:18:08,2007 / 美国 / 动作 奇幻 冒险 / 戈尔·维宾斯基 / 约翰尼·德普 杰弗里·拉什
1315574,加勒比海盗2：亡灵的宝藏,,https://dou.img.lithub.cc/movie/1315574.jpg,2006-07-07(美国),https://movie.douban.com/subject/1315574/,8.4,"动作,奇幻,冒险",,,,2020-11-15 11:18:07,2006 / 美国 / 动作 奇幻 冒险 / 戈尔·维宾斯基 / 约翰尼·德普 奥兰多·布鲁姆
6311303,加勒比海盗5：死无对证,,https://dou.img.lithub.cc/movie/6311303.jpg,2017-05-26(中国大陆),https://movie.douban.com/subject/6311303/,7.2,"动作,奇幻,冒险",,,,2020-11-15 11:18:03,2017 / 美国 / 动作 奇幻 冒险 / 艾斯彭·山德伯格 约阿希姆·伦宁 / 约翰尼·德普 布伦顿·思韦茨
25812712,神偷奶爸3,,https://dou.img.lithub.cc/movie/25812712.jpg,2017-07-07(中国大陆),https://movie.douban.com/subject/25812712/,6.8,"喜剧,动画,冒险",,,,2020-11-15 09:47:35,2017 / 美国 / 喜剧 动画 冒险 / 凯尔·巴尔达 皮埃尔·柯芬 埃里克·吉隆 / 史蒂夫·卡瑞尔 克里斯汀·韦格
4915857,神偷奶爸2,,https://dou.img.lithub.cc/movie/4915857.jpg,2014-01-10(中国大陆),https://movie.douban.com/subject/4915857/,8.1,"喜剧,动画,冒险",,,,2020-11-15 09:47:31,2013 / 美国 法国 日本 / 喜剧 动画 冒险 / 皮埃尔·柯芬 克里斯·雷纳德 / 史蒂夫·卡瑞尔 克里斯汀·韦格
11624706,小黄人大眼萌,,https://dou.img.lithub.cc/movie/11624706.jpg,2015-09-13(中国大陆),https://movie.douban.com/subject/11624706/,7.8,"喜剧,动画",,,,2020-11-15 09:47:24,2015 / 美国 / 喜剧 动画 / 凯尔·巴尔达 皮埃尔·柯芬 / 桑德拉·布洛克 乔恩·哈姆
19899707,驯龙高手3,,https://dou.img.lithub.cc/movie/19899707.jpg,2019-03-01(中国大陆),https://movie.douban.com/subject/19899707/,7.4,"动画,奇幻,冒险",,,,2020-11-14 18:53:21,2019 / 美国 / 动画 奇幻 冒险 / 迪恩·戴布洛伊 / 杰伊·巴鲁切尔 亚美莉卡·费雷拉
2353023,驯龙高手,,https://dou.img.lithub.cc/movie/2353023.jpg,2010-05-14(中国大陆),https://movie.douban.com/subject/2353023/,8.8,"动画,奇幻,冒险",,,,2020-11-14 18:53:15,2010 / 美国 / 动画 奇幻 冒险 / 迪恩·戴布洛伊 克里斯·桑德斯 / 杰伊·巴鲁切尔 杰拉德·巴特勒
4824512,驯龙高手2,,https://dou.img.lithub.cc/movie/4824512.jpg,2014-08-14(中国大陆),https://movie.douban.com/subject/4824512/,8.1,"动画,奇幻,冒险",,,,2020-11-14 18:53:08,2014 / 美国 / 动画 奇幻 冒险 / 迪恩·戴布洛伊 / 杰伊·巴鲁切尔 凯特·布兰切特
25808075,猩球崛起3：终极之战,,https://dou.img.lithub.cc/movie/25808075.jpg,2017-09-15(中国大陆),https://movie.douban.com/subject/25808075/,6.9,"剧情,动作,科幻",,,,2020-11-14 08:41:48,2017 / 美国 / 剧情 动作 科幻 / 马特·里夫斯 / 安迪·瑟金斯 伍迪·哈里森
3274505,猩球崛起,,https://dou.img.lithub.cc/movie/3274505.jpg,2011-10-28(中国大陆),https://movie.douban.com/subject/3274505/,8.2,"剧情,动作,科幻",,,,2020-11-14 08:41:45,2011 / 美国 / 剧情 动作 科幻 / 鲁伯特·瓦耶特 / 安迪·瑟金斯 詹姆斯·弗兰科
7046723,猩球崛起2：黎明之战,,https://dou.img.lithub.cc/movie/7046723.jpg,2014-08-29(中国大陆),https://movie.douban.com/subject/7046723/,7.7,"剧情,动作,科幻",,,,2020-11-13 22:14:15,2014 / 美国 / 剧情 动作 科幻 / 马特·里夫斯 / 安迪·瑟金斯 杰森·克拉克
25944714,超脑48小时,,https://dou.img.lithub.cc/movie/25944714.jpg,2016-05-13(中国大陆),https://movie.douban.com/subject/25944714/,6.6,"剧情,动作,悬疑",,,,2020-11-13 22:13:46,2016 / 英国 美国 / 剧情 动作 悬疑 惊悚 犯罪 / 阿里尔·弗罗门 / 凯文·科斯特纳 加里·奥德曼
1292064,楚门的世界,,https://dou.img.lithub.cc/movie/1292064.jpg,1998-06-05(美国),https://movie.douban.com/subject/1292064/,9.4,"剧情,科幻",,,,2020-11-12 21:42:43,1998 / 美国 / 剧情 科幻 / 彼得·威尔 / 金·凯瑞 劳拉·琳妮
1329562,头文字D,,https://dou.img.lithub.cc/movie/1329562.jpg,2005-06-23(中国大陆),https://movie.douban.com/subject/1329562/,7.8,"剧情,动作",,,,2020-11-12 19:17:53,2005 / 中国香港 日本 / 剧情 动作 / 刘伟强 麦兆辉 / 周杰伦 陈冠希
30252495,1917,,https://dou.img.lithub.cc/movie/30252495.jpg,2020-08-07(中国大陆),https://movie.douban.com/subject/30252495/,8.5,"剧情,战争",,,,2020-11-09 22:10:58,2019 / 美国 英国 印度 西班牙 加拿大 中国大陆 / 剧情 战争 / 萨姆·门德斯 / 乔治·麦凯 迪恩-查尔斯·查普曼
30402296,天气之子,,https://dou.img.lithub.cc/movie/30402296.jpg,2019-11-01(中国大陆),https://movie.douban.com/subject/30402296/,7,"爱情,动画,奇幻",,,,2020-11-08 15:32:08,2019 / 日本 / 爱情 动画 奇幻 / 新海诚 / 醍醐虎汰朗 森七菜
10741643,我的个神啊,,https://dou.img.lithub.cc/movie/10741643.jpg,2015-05-22(中国大陆),https://movie.douban.com/subject/10741643/,8.4,"喜剧,奇幻",,,,2020-11-08 15:27:41,2014 / 印度 / 喜剧 奇幻 / 拉吉库马尔·希拉尼 / 阿米尔·汗 安努舒卡·莎玛
20645098,小王子,,https://dou.img.lithub.cc/movie/20645098.jpg,2015-10-16(中国大陆),https://movie.douban.com/subject/20645098/,8.4,"动画,奇幻",,,,2020-11-08 13:15:25,2015 / 法国 / 动画 奇幻 / 马克·奥斯本 / 杰夫·布里吉斯 麦肯吉·弗依
26754233,八佰,,https://dou.img.lithub.cc/movie/26754233.jpg,2020-08-21(中国大陆),https://movie.douban.com/subject/26754233/,7.5,"剧情,历史,战争",,,,2020-11-07 11:37:42,2020 / 中国大陆 / 剧情 历史 战争 / 管虎 / 王千源 张译
4746257,明日边缘,,https://dou.img.lithub.cc/movie/4746257.jpg,2014-06-06(中国大陆),https://movie.douban.com/subject/4746257/,8.2,"动作,科幻",,,,2020-11-04 20:25:05,2014 / 美国 加拿大 / 动作 科幻 / 道格·里曼 / 汤姆·克鲁斯 艾米莉·布朗特
30206389,西部世界 第三季,,https://dou.img.lithub.cc/movie/30206389.jpg,2020-03-15(美国),https://movie.douban.com/subject/30206389/,8.1,"剧情,科幻,悬疑",,,,2020-11-04 20:24:24,2020 / 美国 / 剧情 科幻 悬疑 西部 / 乔纳森·诺兰 詹妮弗·盖辛格 理查德·J·刘易斯 保罗·卡梅隆 安娜·福斯特 阿曼达·马尔萨利斯 海伦·谢费 / 埃文·蕾切尔·伍德 坦迪·牛顿
26887174,西部世界 第二季,,https://dou.img.lithub.cc/movie/26887174.jpg,2018-04-22(美国),https://movie.douban.com/subject/26887174/,8.8,"科幻,西部",,,,2020-11-04 20:24:19,2018 / 美国 / 科幻 西部 / 理查德·J·刘易斯 文森佐·纳塔利 丽莎·乔伊 克雷格·卓贝 塔里克·萨利赫 妮可·卡索 乌塔·布里泽维茨 斯蒂芬·威廉姆斯 弗雷德里克·E·O·托耶 / 埃文·蕾切尔·伍德 坦迪·牛顿
2338055,西部世界 第一季,,https://dou.img.lithub.cc/movie/2338055.jpg,2016-10-02(美国),https://movie.douban.com/subject/2338055/,8.9,"科幻,西部",,,,2020-11-04 20:24:06,2016 / 美国 / 科幻 西部 / 乔纳森·诺兰 强尼·坎贝尔 理查德·J·刘易斯 米歇尔·麦克拉伦 尼尔·马歇尔 文森佐·纳塔利 弗雷德里克·E·O·托耶 斯蒂芬·威廉姆斯 / 埃文·蕾切尔·伍德 安东尼·霍普金斯
26584183,权力的游戏 第八季,,https://dou.img.lithub.cc/movie/26584183.jpg,2019-04-14(美国),https://movie.douban.com/subject/26584183/,6,"剧情,奇幻,冒险",,,,2020-11-04 20:23:40,2019 / 美国 / 剧情 奇幻 冒险 / 米格尔·萨普什尼克 大卫·努特尔 戴维·贝尼奥夫 D·B·威斯 / 艾米莉亚·克拉克 基特·哈灵顿
25862357,权力的游戏 第六季,,https://dou.img.lithub.cc/movie/25862357.jpg,2016-04-24(美国),https://movie.douban.com/subject/25862357/,9.5,"剧情,战争,奇幻",,,,2020-11-04 20:23:39,2016 / 美国 英国 / 剧情 战争 奇幻 冒险 / 杰雷米·波德斯瓦 杰克·本德 马克·梅罗德 丹尼尔·沙克海姆 米格尔·萨普什尼克 / 麦茜·威廉姆斯 艾米莉亚·克拉克
26235354,权力的游戏 第七季,,https://dou.img.lithub.cc/movie/26235354.jpg,2017-07-16(美国),https://movie.douban.com/subject/26235354/,9.2,"剧情,奇幻,冒险",,,,2020-11-04 20:23:39,2017 / 美国 / 剧情 奇幻 冒险 / 杰雷米·波德斯瓦 马克·梅罗德 马特·沙克曼 阿兰·泰勒 / 艾米莉亚·克拉克 基特·哈灵顿
25826612,权力的游戏 第五季,,https://dou.img.lithub.cc/movie/25826612.jpg,2015-04-12(美国),https://movie.douban.com/subject/25826612/,9.4,"剧情,奇幻,冒险",,,,2020-11-04 20:23:38,2015 / 美国 / 剧情 奇幻 冒险 / 迈克尔·斯洛维斯 马克·梅罗德 杰雷米·波德斯瓦 米格尔·萨普什尼克 大卫·努特尔 / 艾米莉亚·克拉克 彼特·丁拉基
23232876,权力的游戏 第四季,,https://dou.img.lithub.cc/movie/23232876.jpg,2014-04-06(美国),https://movie.douban.com/subject/23232876/,9.6,"剧情,奇幻,冒险",,,,2020-11-04 20:23:37,2014 / 美国 英国 / 剧情 奇幻 冒险 / D·B·威斯 艾利克斯·格雷夫斯 米歇尔·麦克拉伦 阿利克·萨哈罗夫 尼尔·马歇尔 / 彼特·丁拉基 尼古拉·科斯特-瓦尔道
10590706,权力的游戏 第三季,,https://dou.img.lithub.cc/movie/10590706.jpg,2013-03-31(美国),https://movie.douban.com/subject/10590706/,9.5,"剧情,奇幻,冒险",,,,2020-11-04 20:23:36,2013 / 美国 英国 / 剧情 奇幻 冒险 / 丹尼尔·米纳汉 戴维·贝尼奥夫 艾利克斯·格雷夫斯 阿利克·萨哈罗夫 米歇尔·麦克拉伦 大卫·努特尔 / 麦茜·威廉姆斯 艾米莉亚·克拉克
6558062,权力的游戏  第二季,,https://dou.img.lithub.cc/movie/6558062.jpg,2012-04-01(美国),https://movie.douban.com/subject/6558062/,9.5,"剧情,奇幻,冒险",,,,2020-11-04 20:23:35,2012 / 美国 英国 / 剧情 奇幻 冒险 / 阿兰·泰勒 阿利克·萨哈罗夫 大卫·彼特拉克 大卫·努特尔 尼尔·马歇尔 / 麦茜·威廉姆斯 艾米莉亚·克拉克
3016187,权力的游戏 第一季,,https://dou.img.lithub.cc/movie/3016187.jpg,2011-04-17(美国),https://movie.douban.com/subject/3016187/,9.5,"剧情,奇幻,冒险",,,,2020-11-04 20:23:30,2011 / 美国 英国 / 剧情 奇幻 冒险 / 蒂莫西·范·帕腾 布莱恩·柯克 丹尼尔·米纳汉 阿兰·泰勒 / 肖恩·宾 米歇尔·费尔利
1652587,阿凡达,,https://dou.img.lithub.cc/movie/1652587.jpg,2010-01-04(中国大陆),https://movie.douban.com/subject/1652587/,8.8,"动作,科幻,冒险",,,,2020-11-04 20:22:04,2009 / 美国 / 动作 科幻 冒险 / 詹姆斯·卡梅隆 / 萨姆·沃辛顿 佐伊·索尔达娜
1298070,加勒比海盗,,https://dou.img.lithub.cc/movie/1298070.jpg,2003-11-21(中国大陆),https://movie.douban.com/subject/1298070/,8.8,"动作,奇幻,冒险",,,,2020-11-04 20:21:50,2003 / 美国 / 动作 奇幻 冒险 / 戈尔·维宾斯基 / 约翰尼·德普 杰弗里·拉什
1959877,崖上的波妞,,https://dou.img.lithub.cc/movie/1959877.jpg,2020-12-31(中国大陆),https://movie.douban.com/subject/1959877/,8.6,"动画,奇幻,冒险",,,,2020-11-04 20:10:59,2008 / 日本 / 动画 奇幻 冒险 / 宫崎骏 / 神月柚莉爱 土井洋辉
1307811,魔女宅急便,,https://dou.img.lithub.cc/movie/1307811.jpg,1989-07-29(日本),https://movie.douban.com/subject/1307811/,8.7,"动画,奇幻,冒险",,,,2020-11-04 20:10:58,1989 / 日本 / 动画 奇幻 冒险 / 宫崎骏 / 高山南 佐久间玲
1291560,龙猫,,https://dou.img.lithub.cc/movie/1291560.jpg,2018-12-14(中国大陆),https://movie.douban.com/subject/1291560/,9.2,"动画,奇幻,冒险",,,,2020-11-04 20:10:52,1988 / 日本 / 动画 奇幻 冒险 / 宫崎骏 / 日高范子 坂本千夏
1308807,哈尔的移动城堡,,https://dou.img.lithub.cc/movie/1308807.jpg,2024-04-30(中国大陆),https://movie.douban.com/subject/1308807/,9.1,"爱情,动画,奇幻",,,,2020-11-04 20:10:44,2004 / 日本 / 爱情 动画 奇幻 冒险 / 宫崎骏 / 倍赏千惠子 木村拓哉
6791750,起风了,,https://dou.img.lithub.cc/movie/6791750.jpg,2013-07-20(日本),https://movie.douban.com/subject/6791750/,8.2,"剧情,爱情,动画",,,,2020-11-04 20:10:39,2013 / 日本 / 剧情 爱情 动画 / 宫崎骏 / 庵野秀明 泷本美织
1291583,天空之城,,https://dou.img.lithub.cc/movie/1291583.jpg,1992-05-01(中国大陆),https://movie.douban.com/subject/1291583/,9.2,"动画,奇幻,冒险",,,,2020-11-04 20:10:33,1986 / 日本 / 动画 奇幻 冒险 / 宫崎骏 / 田中真弓 横泽启子
4202302,借东西的小人阿莉埃蒂,,https://dou.img.lithub.cc/movie/4202302.jpg,2010-07-17(日本),https://movie.douban.com/subject/4202302/,8.9,"动画,奇幻,冒险",,,,2020-11-04 20:10:08,2010 / 日本 / 动画 奇幻 冒险 / 米林宏昌 / 志田未来 神木隆之介
3011235,哈利·波特与死亡圣器(下),,https://dou.img.lithub.cc/movie/3011235.jpg,2011-08-04(中国大陆),https://movie.douban.com/subject/3011235/,9,"奇幻,冒险",,,,2020-11-04 20:09:51,2011 / 美国 英国 / 奇幻 冒险 / 大卫·叶茨 / 丹尼尔·雷德克里夫 艾玛·沃森
2051007,哈利·波特与死亡圣器(上),,https://dou.img.lithub.cc/movie/2051007.jpg,2010-11-19(中国大陆),https://movie.douban.com/subject/2051007/,8.6,"奇幻,冒险",,,,2020-11-04 20:09:46,2010 / 英国 美国 / 奇幻 冒险 / 大卫·叶茨 / 丹尼尔·雷德克里夫 艾玛·沃森
1433330,哈利·波特与混血王子,,https://dou.img.lithub.cc/movie/1433330.jpg,2009-07-15(中国大陆),https://movie.douban.com/subject/1433330/,8.4,"奇幻,冒险",,,,2020-11-04 20:09:38,2009 / 英国 美国 / 奇幻 冒险 / 大卫·叶茨 / 丹尼尔·雷德克里夫 艾玛·沃森
1457217,哈利·波特与凤凰社,,https://dou.img.lithub.cc/movie/1457217.jpg,2007-08-10(中国大陆),https://movie.douban.com/subject/1457217/,8.5,"奇幻,冒险",,,,2020-11-04 20:09:33,2007 / 英国 美国 / 奇幻 冒险 / 大卫·叶茨 / 丹尼尔·雷德克里夫 艾玛·沃森
1309055,哈利·波特与火焰杯,,https://dou.img.lithub.cc/movie/1309055.jpg,2005-11-18(中国大陆),https://movie.douban.com/subject/1309055/,8.8,"悬疑,奇幻,冒险",,,,2020-11-04 20:09:25,2005 / 英国 美国 / 悬疑 奇幻 冒险 / 迈克·内威尔 / 丹尼尔·雷德克里夫 艾玛·沃森
1291544,哈利·波特与阿兹卡班的囚徒,,https://dou.img.lithub.cc/movie/1291544.jpg,2004-09-10(中国大陆),https://movie.douban.com/subject/1291544/,9,"奇幻,冒险",,,,2020-11-04 20:09:19,2004 / 英国 美国 / 奇幻 冒险 / 阿方索·卡隆 / 丹尼尔·雷德克里夫 艾玛·沃森
1296996,哈利·波特与密室,,https://dou.img.lithub.cc/movie/1296996.jpg,2003-01-24(中国大陆),https://movie.douban.com/subject/1296996/,8.9,"奇幻,冒险",,,,2020-11-04 20:09:14,2002 / 英国 美国 / 奇幻 冒险 / 克里斯·哥伦布 / 丹尼尔·雷德克里夫 艾玛·沃森
1295038,哈利·波特与魔法石,,https://dou.img.lithub.cc/movie/1295038.jpg,2002-01-26(中国大陆),https://movie.douban.com/subject/1295038/,9.2,"奇幻,冒险",,,,2020-11-04 20:09:07,2001 / 美国 英国 / 奇幻 冒险 / 克里斯·哥伦布 / 丹尼尔·雷德克里夫 艾玛·沃森
25754848,琅琊榜,,https://dou.img.lithub.cc/movie/25754848.jpg,2015-09-19(中国大陆),https://movie.douban.com/subject/25754848/,9.4,"剧情,古装",,,,2020-11-04 20:08:17,2015 / 中国大陆 / 剧情 古装 / 孔笙 李雪 / 胡歌 刘涛
4922787,后宫·甄嬛传,,https://dou.img.lithub.cc/movie/4922787.jpg,2011-11-17(中国大陆),https://movie.douban.com/subject/4922787/,9.4,"剧情,古装",,,,2020-11-04 20:07:49,2011 / 中国大陆 / 剧情 古装 / 郑晓龙 / 孙俪 陈建斌
26802975,余罪 第二季,,https://dou.img.lithub.cc/movie/26802975.jpg,2016-06-13(中国大陆),https://movie.douban.com/subject/26802975/,7.7,"剧情,犯罪",,,,2020-11-04 20:07:34,2016 / 中国大陆 / 剧情 犯罪 / 张睿 / 张一山 吴优
26363830,余罪 第一季,,https://dou.img.lithub.cc/movie/26363830.jpg,2016-05-23(中国大陆),https://movie.douban.com/subject/26363830/,8.4,"剧情,悬疑,犯罪",,,,2020-11-04 20:07:27,2016 / 中国大陆 / 剧情 悬疑 犯罪 / 张睿 / 张一山 吴优
26584874,柒个我,,https://dou.img.lithub.cc/movie/26584874.jpg,2017-12-13(中国大陆),https://movie.douban.com/subject/26584874/,5.7,剧情,,,,2020-11-04 20:07:13,2017 / 中国大陆 / 剧情 / 邓科 / 张一山 蔡文静
27107123,锦衣之下,,https://dou.img.lithub.cc/movie/27107123.jpg,2019-12-28(中国大陆),https://movie.douban.com/subject/27107123/,7.5,"爱情,悬疑,古装",,,,2020-11-04 20:06:41,2019 / 中国大陆 / 爱情 悬疑 古装 / 尹涛 / 任嘉伦 谭松韵
25853071,庆余年 第一季,,https://dou.img.lithub.cc/movie/25853071.jpg,2019-11-26(中国大陆),https://movie.douban.com/subject/25853071/,7.9,"剧情,古装",,,,2020-11-04 20:05:56,2019 / 中国大陆 / 剧情 古装 / 孙皓 / 张若昀 李沁
26885074,叶问4：完结篇,,https://dou.img.lithub.cc/movie/26885074.jpg,2019-12-20(中国大陆),https://movie.douban.com/subject/26885074/,6.8,"剧情,动作",,,,2020-11-04 20:05:25,2019 / 中国大陆 中国香港 / 剧情 动作 / 叶伟信 / 甄子丹 吴樾
11598977,叶问3,,https://dou.img.lithub.cc/movie/11598977.jpg,2016-03-04(中国大陆),https://movie.douban.com/subject/11598977/,6.7,"剧情,动作,传记",,,,2020-11-04 20:05:12,2015 / 中国大陆 中国香港 / 剧情 动作 传记 历史 / 叶伟信 / 甄子丹 迈克·泰森
3578981,叶问2：宗师传奇,,https://dou.img.lithub.cc/movie/3578981.jpg,2010-04-27(中国大陆),https://movie.douban.com/subject/3578981/,7.4,"动作,传记,历史",,,,2020-11-04 20:05:06,2010 / 中国大陆 中国香港 / 动作 传记 历史 / 叶伟信 / 甄子丹 洪金宝
3041806,叶问,,https://dou.img.lithub.cc/movie/3041806.jpg,2008-12-12(中国大陆),https://movie.douban.com/subject/3041806/,7.8,"剧情,动作,传记",,,,2020-11-04 20:05:01,2008 / 中国香港 中国大陆 / 剧情 动作 传记 历史 / 叶伟信 / 甄子丹 任达华
3072086,和莎莫的500天,,https://dou.img.lithub.cc/movie/3072086.jpg,2009-01-17(圣丹斯电影节),https://movie.douban.com/subject/3072086/,8,"剧情,喜剧,爱情",,,,2020-11-04 20:04:38,2009 / 美国 / 剧情 喜剧 爱情 / 马克·韦布 / 约瑟夫·高登-莱维特 佐伊·丹斯切尔
33436135,只有芸知道,,https://dou.img.lithub.cc/movie/33436135.jpg,2019-12-20(中国大陆),https://movie.douban.com/subject/33436135/,6.3,"剧情,爱情",,,,2020-11-04 20:04:23,2019 / 中国大陆 / 剧情 爱情 / 冯小刚 / 黄轩 杨采钰
3569910,自杀小队,,https://dou.img.lithub.cc/movie/3569910.jpg,2016-08-05(美国),https://movie.douban.com/subject/3569910/,6.7,"动作,犯罪,奇幻",,,,2020-11-04 20:04:04,2016 / 美国 / 动作 犯罪 奇幻 / 大卫·阿耶 / 威尔·史密斯 杰瑞德·莱托
30310435,五月天人生无限公司,,https://dou.img.lithub.cc/movie/30310435.jpg,2019-05-24(中国大陆),https://movie.douban.com/subject/30310435/,8.3,"剧情,纪录片,音乐",,,,2020-11-04 20:03:46,2019 / 中国台湾 / 剧情 纪录片 音乐 / 陈奕仁 / 温尚翊 石锦航
26923506,我的青春都是你,,https://dou.img.lithub.cc/movie/26923506.jpg,2019-06-21(中国大陆),https://movie.douban.com/subject/26923506/,3.7,"剧情,爱情",,,,2020-11-04 20:03:32,2019 / 中国大陆 中国台湾 / 剧情 爱情 / 周彤 代梦颖 / 宋芸桦 宋威龙
1945336,通缉令,,https://dou.img.lithub.cc/movie/1945336.jpg,2008-10-09(中国大陆),https://movie.douban.com/subject/1945336/,7.4,"动作,犯罪,奇幻",,,,2020-11-04 20:03:06,2008 / 美国 德国 / 动作 犯罪 奇幻 / 提莫·贝克曼贝托夫 / 詹姆斯·麦卡沃伊 摩根·弗里曼
26709258,罗小黑战记,,https://dou.img.lithub.cc/movie/26709258.jpg,2019-09-07(中国大陆),https://movie.douban.com/subject/26709258/,8,"动作,动画,奇幻",,,,2020-11-04 20:00:24,2019 / 中国大陆 / 动作 动画 奇幻 / 木头 / 山新 郝祥海
1292343,蝴蝶效应,,https://dou.img.lithub.cc/movie/1292343.jpg,2004-01-23(美国),https://movie.douban.com/subject/1292343/,8.9,"剧情,科幻,悬疑",,,,2020-11-04 19:57:22,2004 / 美国 加拿大 / 剧情 科幻 悬疑 惊悚 / 埃里克·布雷斯 J·麦基·格鲁伯 / 阿什顿·库彻 梅洛拉·沃尔特斯
25745752,左耳,,https://dou.img.lithub.cc/movie/25745752.jpg,2015-04-24(中国大陆),https://movie.douban.com/subject/25745752/,5.7,"剧情,爱情",,,,2020-11-04 19:56:55,2015 / 中国大陆 / 剧情 爱情 / 苏有朋 / 陈都灵 欧豪
25876760,少年巴比伦,,https://dou.img.lithub.cc/movie/25876760.jpg,2017-01-13(中国大陆),https://movie.douban.com/subject/25876760/,6.7,"剧情,喜剧,爱情",,,,2020-11-04 19:56:42,2015 / 中国大陆 / 剧情 喜剧 爱情 / 相国强 / 董子健 李梦
3071441,雪国列车,,https://dou.img.lithub.cc/movie/3071441.jpg,2014-03-17(中国大陆),https://movie.douban.com/subject/3071441/,7.6,"剧情,动作,科幻",,,,2020-11-04 19:56:30,2013 / 韩国 捷克 / 剧情 动作 科幻 / 奉俊昊 / 克里斯·埃文斯 宋康昊
26279433,剩者为王,,https://dou.img.lithub.cc/movie/26279433.jpg,2015-11-06(中国大陆),https://movie.douban.com/subject/26279433/,5.9,"剧情,爱情",,,,2020-11-04 19:56:16,2015 / 中国大陆 中国香港 / 剧情 爱情 / 落落 / 舒淇 彭于晏
25840705,匆匆那年,,https://dou.img.lithub.cc/movie/25840705.jpg,2014-08-04(中国大陆),https://movie.douban.com/subject/25840705/,8.1,"剧情,爱情",,,,2020-11-04 19:55:55,2014 / 中国大陆 / 剧情 爱情 / 姚婷婷 / 杨玏 何泓姗
24735062,青春派,,https://dou.img.lithub.cc/movie/24735062.jpg,2013-08-02(中国大陆),https://movie.douban.com/subject/24735062/,7.4,"剧情,爱情",,,,2020-11-04 19:55:38,2013 / 中国大陆 / 剧情 爱情 / 刘杰 / 董子健 秦海璐
3445526,白银帝国,,https://dou.img.lithub.cc/movie/3445526.jpg,2009-08-21(中国大陆),https://movie.douban.com/subject/3445526/,6.3,"剧情,历史,古装",,,,2020-11-04 19:55:21,2009 / 中国大陆 中国台湾 中国香港 / 剧情 历史 古装 / 姚树华 / 郭富城 郝蕾
34845712,三叉戟,,https://dou.img.lithub.cc/movie/34845712.jpg,2020-05-31(中国大陆),https://movie.douban.com/subject/34845712/,7.5,"剧情,犯罪",,,,2020-11-04 19:55:07,2020 / 中国大陆 / 剧情 犯罪 / 刘海波 / 陈建斌 董勇
30183817,我在未来等你,,https://dou.img.lithub.cc/movie/30183817.jpg,2019-09-09(中国大陆),https://movie.douban.com/subject/30183817/,8.3,剧情,,,,2020-11-04 19:54:51,2019 / 中国大陆 / 剧情 / 薛凌 / 李光洁 费启鸣
25708579,使徒行者,,https://dou.img.lithub.cc/movie/25708579.jpg,2014-08-25(中国香港),https://movie.douban.com/subject/25708579/,8.5,"剧情,爱情,犯罪",,,,2020-11-04 19:54:31,2014 / 中国香港 / 剧情 爱情 犯罪 / 文伟鸿 / 苗侨伟 佘诗曼
30423193,使徒行者2：谍影行动,,https://dou.img.lithub.cc/movie/30423193.jpg,2019-08-07(中国大陆),https://movie.douban.com/subject/30423193/,6.2,"剧情,动作,犯罪",,,,2020-11-04 19:54:22,2019 / 中国大陆 中国香港 / 剧情 动作 犯罪 / 文伟鸿 / 张家辉 古天乐
26336253,使徒行者,,https://dou.img.lithub.cc/movie/26336253.jpg,2016-08-11(中国大陆),https://movie.douban.com/subject/26336253/,6.9,"剧情,动作,犯罪",,,,2020-11-04 19:54:13,2016 / 中国大陆 中国香港 / 剧情 动作 犯罪 / 文伟鸿 / 张家辉 古天乐
26378579,王牌特工2：黄金圈,,https://dou.img.lithub.cc/movie/26378579.jpg,2017-10-20(中国大陆),https://movie.douban.com/subject/26378579/,6.8,"喜剧,动作,冒险",,,,2020-11-04 19:53:51,2017 / 英国 美国 / 喜剧 动作 冒险 / 马修·沃恩 / 塔伦·埃哲顿 科林·费尔斯
24405378,王牌特工：特工学院,,https://dou.img.lithub.cc/movie/24405378.jpg,2015-03-27(中国大陆),https://movie.douban.com/subject/24405378/,8.4,"喜剧,动作,冒险",,,,2020-11-04 19:53:43,2014 / 英国 美国 / 喜剧 动作 冒险 / 马修·沃恩 / 塔伦·埃哲顿 科林·费尔斯
26883064,白夜追凶,,https://dou.img.lithub.cc/movie/26883064.jpg,2017-08-30(中国大陆),https://movie.douban.com/subject/26883064/,8.9,"剧情,悬疑,犯罪",,,,2020-11-04 19:53:13,2017 / 中国大陆 / 剧情 悬疑 犯罪 / 王伟 / 潘粤明 王龙正
34857296,半是蜜糖半是伤,,https://dou.img.lithub.cc/movie/34857296.jpg,2020-09-27(中国大陆),https://movie.douban.com/subject/34857296/,6.7,"剧情,爱情",,,,2020-11-04 19:52:45,2020 / 中国大陆 / 剧情 爱情 / 于中中 吴建新 / 罗云熙 白鹿
34428631,二十不惑,,https://dou.img.lithub.cc/movie/34428631.jpg,2020-07-14(中国大陆),https://movie.douban.com/subject/34428631/,6.3,"剧情,爱情",,,,2020-11-04 19:52:22,2020 / 中国大陆 / 剧情 爱情 / 黎志 / 关晓彤 卜冠今
34801099,如此可爱的我们,,https://dou.img.lithub.cc/movie/34801099.jpg,2020-07-31(中国大陆),https://movie.douban.com/subject/34801099/,8,"剧情,喜剧,爱情",,,,2020-11-04 19:52:10,2020 / 中国大陆 / 剧情 喜剧 爱情 家庭 / 猫的树 / 李明德 田曦薇
11501396,边境风云,,https://dou.img.lithub.cc/movie/11501396.jpg,2012-08-17(中国大陆),https://movie.douban.com/subject/11501396/,7.9,"剧情,犯罪",,,,2020-11-04 19:51:56,2012 / 中国大陆 / 剧情 犯罪 / 程耳 / 孙红雷 王珞丹
10574622,人再囧途之泰囧,,https://dou.img.lithub.cc/movie/10574622.jpg,2012-12-12(中国大陆),https://movie.douban.com/subject/10574622/,7.5,喜剧,,,,2020-11-04 19:51:34,2012 / 中国大陆 / 喜剧 / 徐峥 / 徐峥 王宝强
30306570,囧妈,,https://dou.img.lithub.cc/movie/30306570.jpg,2020-01-25(中国大陆网络),https://movie.douban.com/subject/30306570/,5.8,喜剧,,,,2020-11-04 19:51:21,2020 / 中国大陆 / 喜剧 / 徐峥 / 徐峥 黄梅莹
34888476,妙先生,,https://dou.img.lithub.cc/movie/34888476.jpg,2020-07-31(中国大陆),https://movie.douban.com/subject/34888476/,6.2,"动画,奇幻,冒险",,,,2020-11-04 19:51:02,2020 / 中国大陆 / 动画 奇幻 冒险 / 李凌霄 / 小连杀 王潇倩
26811587,大护法,,https://dou.img.lithub.cc/movie/26811587.jpg,2017-07-13(中国大陆),https://movie.douban.com/subject/26811587/,7.8,"喜剧,动画,奇幻",,,,2020-11-04 19:50:52,2017 / 中国大陆 / 喜剧 动画 奇幻 冒险 / 不思凡 / 小连杀 图特哈蒙
10463953,模仿游戏,,https://dou.img.lithub.cc/movie/10463953.jpg,2015-07-21(中国大陆),https://movie.douban.com/subject/10463953/,8.8,"剧情,同性,传记",,,,2020-11-04 19:50:37,2014 / 英国 美国 / 剧情 同性 传记 战争 / 莫滕·泰杜姆 / 本尼迪克特·康伯巴奇 凯拉·奈特莉
3205624,社交网络,,https://dou.img.lithub.cc/movie/3205624.jpg,2010-09-24(纽约电影节),https://movie.douban.com/subject/3205624/,8.2,"剧情,传记",,,,2020-11-04 19:50:01,2010 / 美国 / 剧情 传记 / 大卫·芬奇 / 杰西·艾森伯格 安德鲁·加菲尔德
1308817,两小无猜,,https://dou.img.lithub.cc/movie/1308817.jpg,2003-09-17(法国),https://movie.douban.com/subject/1308817/,7.9,"剧情,喜剧,爱情",,,,2020-11-04 19:49:47,2003 / 法国 比利时 / 剧情 喜剧 爱情 / 杨·塞谬尔 / 吉约姆·卡内 玛丽昂·歌迪亚
30419744,春江水暖,,https://dou.img.lithub.cc/movie/30419744.jpg,2020-08-21(中国大陆网络),https://movie.douban.com/subject/30419744/,7.3,"剧情,家庭",,,,2020-11-04 19:49:18,2019 / 中国大陆 / 剧情 家庭 / 顾游 / 杜红军 钱有法
25907124,姜子牙,,https://dou.img.lithub.cc/movie/25907124.jpg,2020-10-01(中国大陆),https://movie.douban.com/subject/25907124/,6.6,"剧情,动画,奇幻",,,,2020-11-04 19:48:55,2020 / 中国大陆 / 剧情 动画 奇幻 / 程腾 李炜 / 郑希 杨凝
30249161,哆啦A梦：大雄的月球探险记,,https://dou.img.lithub.cc/movie/30249161.jpg,2019-06-01(中国大陆),https://movie.douban.com/subject/30249161/,7.2,"剧情,动画",,,,2020-11-04 19:48:40,2019 / 日本 / 剧情 动画 / 八锹新之介 / 水田山葵 大原惠美
35051512,我和我的家乡,,https://dou.img.lithub.cc/movie/35051512.jpg,2020-10-01(中国大陆),https://movie.douban.com/subject/35051512/,7,"剧情,喜剧",,,,2020-11-04 19:47:18,2020 / 中国大陆 / 剧情 喜剧 / 宁浩 徐峥 陈思诚 闫非 彭大魔 邓超 俞白眉 / 葛优 黄渤
33404425,隐秘的角落,,https://dou.img.lithub.cc/movie/33404425.jpg,2020-06-16(中国大陆),https://movie.douban.com/subject/33404425/,8.8,"剧情,悬疑,犯罪",,,,2020-11-04 19:46:32,2020 / 中国大陆 / 剧情 悬疑 犯罪 / 辛爽 / 秦昊 王景春
6873143,一条狗的使命,,https://dou.img.lithub.cc/movie/6873143.jpg,2017-03-03(中国大陆),https://movie.douban.com/subject/6873143/,7.7,"剧情,喜剧,家庭",,,,2020-11-04 19:41:01,2017 / 美国 / 剧情 喜剧 家庭 / 拉斯·霍尔斯道姆 / 乔什·加德 布丽特·罗伯森
26752088,我不是药神,,https://dou.img.lithub.cc/movie/26752088.jpg,2018-07-05(中国大陆),https://movie.douban.com/subject/26752088/,9,"剧情,喜剧",,,,2020-11-04 19:40:55,2018 / 中国大陆 / 剧情 喜剧 / 文牧野 / 徐峥 王传君
10831445,百鸟朝凤,,https://dou.img.lithub.cc/movie/10831445.jpg,2016-05-06(中国大陆),https://movie.douban.com/subject/10831445/,8.3,"剧情,音乐",,,,2020-11-04 19:40:54,2013 / 中国大陆 / 剧情 音乐 / 吴天明 / 陶泽如 李岷城
2129039,飞屋环游记,,https://dou.img.lithub.cc/movie/2129039.jpg,2009-08-04(中国大陆),https://movie.douban.com/subject/2129039/,9.1,"剧情,喜剧,动画",,,,2020-11-04 19:40:53,2009 / 美国 / 剧情 喜剧 动画 冒险 / 彼特·道格特 鲍勃·彼德森 / 爱德华·阿斯纳 克里斯托弗·普卢默
3287562,神偷奶爸,,https://dou.img.lithub.cc/movie/3287562.jpg,2010-06-20(莫斯科电影节),https://movie.douban.com/subject/3287562/,8.7,"喜剧,动画,冒险",,,,2020-11-04 19:40:44,2010 / 美国 法国 / 喜剧 动画 冒险 / 皮埃尔·柯芬 克里斯·雷纳德 / 史蒂夫·卡瑞尔 杰森·席格尔
3008247,穿条纹睡衣的男孩,,https://dou.img.lithub.cc/movie/3008247.jpg,2008-08-28(卡内基电影节),https://movie.douban.com/subject/3008247/,9.2,"剧情,战争",,,,2020-11-04 19:40:31,2008 / 英国 美国 / 剧情 战争 / 马克·赫尔曼 / 阿萨·巴特菲尔德 维拉·法米加
1907966,疯狂原始人,,https://dou.img.lithub.cc/movie/1907966.jpg,2013-04-20(中国大陆),https://movie.douban.com/subject/1907966/,8.7,"喜剧,动画,冒险",,,,2020-11-04 19:40:26,2013 / 美国 / 喜剧 动画 冒险 / 柯克·德·米科 克里斯·桑德斯 / 尼古拉斯·凯奇 艾玛·斯通
11026735,超能陆战队,,https://dou.img.lithub.cc/movie/11026735.jpg,2015-02-28(中国大陆),https://movie.douban.com/subject/11026735/,8.8,"喜剧,动作,科幻",,,,2020-11-04 19:40:23,2014 / 美国 / 喜剧 动作 科幻 动画 冒险 / 唐·霍尔 克里斯·威廉姆斯 / 斯科特·安第斯 瑞恩·波特
2131459,机器人总动员,,https://dou.img.lithub.cc/movie/2131459.jpg,2008-06-27(美国),https://movie.douban.com/subject/2131459/,9.3,"科幻,动画,冒险",,,,2020-11-04 19:40:06,2008 / 美国 / 科幻 动画 冒险 / 安德鲁·斯坦顿 / 本·贝尔特 艾丽莎·奈特
26683290,你的名字。,,https://dou.img.lithub.cc/movie/26683290.jpg,2016-12-02(中国大陆),https://movie.douban.com/subject/26683290/,8.5,"剧情,爱情,动画",,,,2020-11-04 19:40:01,2016 / 日本 / 剧情 爱情 动画 / 新海诚 / 神木隆之介 上白石萌音
4920389,头号玩家,,https://dou.img.lithub.cc/movie/4920389.jpg,2018-03-30(中国大陆),https://movie.douban.com/subject/4920389/,8.6,"动作,科幻,冒险",,,,2020-11-04 19:40:00,2018 / 美国 / 动作 科幻 冒险 / 史蒂文·斯皮尔伯格 / 泰伊·谢里丹 奥利维亚·库克
3011091,忠犬八公的故事,,https://dou.img.lithub.cc/movie/3011091.jpg,2009-06-13(西雅图电影节),https://movie.douban.com/subject/3011091/,9.4,剧情,,,,2020-11-04 19:39:52,2009 / 美国 英国 / 剧情 / 拉斯·霍尔斯道姆 / 理查·基尔 莎拉·罗默尔
1849031,当幸福来敲门,,https://dou.img.lithub.cc/movie/1849031.jpg,2008-01-17(中国大陆),https://movie.douban.com/subject/1849031/,9.1,"剧情,家庭,传记",,,,2020-11-04 19:39:46,2006 / 美国 / 剧情 家庭 传记 / 加布里埃莱·穆奇诺 / 威尔·史密斯 贾登·史密斯
30166972,少年的你,,https://dou.img.lithub.cc/movie/30166972.jpg,2019-10-25(中国大陆),https://movie.douban.com/subject/30166972/,8.2,"剧情,爱情,犯罪",,,,2020-11-04 19:39:43,2019 / 中国大陆 中国香港 / 剧情 爱情 犯罪 / 曾国祥 / 周冬雨 易烊千玺
3742360,让子弹飞,,https://dou.img.lithub.cc/movie/3742360.jpg,2010-12-16(中国大陆),https://movie.douban.com/subject/3742360/,9,"剧情,喜剧,动作",,,,2020-11-04 19:39:35,2010 / 中国大陆 中国香港 / 剧情 喜剧 动作 西部 / 姜文 / 姜文 葛优
1889243,星际穿越,,https://dou.img.lithub.cc/movie/1889243.jpg,2014-11-12(中国大陆),https://movie.douban.com/subject/1889243/,9.4,"剧情,科幻,冒险",,,,2020-11-04 19:39:28,2014 / 美国 英国 加拿大 / 剧情 科幻 冒险 / 克里斯托弗·诺兰 / 马修·麦康纳 安妮·海瑟薇
3319755,怦然心动,,https://dou.img.lithub.cc/movie/3319755.jpg,2010-07-26(好莱坞首映),https://movie.douban.com/subject/3319755/,9.1,"剧情,喜剧,爱情",,,,2020-11-04 19:39:25,2010 / 美国 / 剧情 喜剧 爱情 / 罗伯·莱纳 / 玛德琳·卡罗尔 卡兰·麦克奥利菲
25662329,疯狂动物城,,https://dou.img.lithub.cc/movie/25662329.jpg,2016-03-04(中国大陆),https://movie.douban.com/subject/25662329/,9.2,"喜剧,动画,冒险",,,,2020-11-04 19:39:24,2016 / 美国 / 喜剧 动画 冒险 / 拜伦·霍华德 瑞奇·摩尔 杰拉德·布什 / 金妮弗·古德温 杰森·贝特曼
3793023,三傻大闹宝莱坞,,https://dou.img.lithub.cc/movie/3793023.jpg,2011-12-08(中国大陆),https://movie.douban.com/subject/3793023/,9.2,"剧情,喜剧,爱情",,,,2020-11-04 19:39:23,2009 / 印度 / 剧情 喜剧 爱情 歌舞 / 拉吉库马尔·希拉尼 / 阿米尔·汗 卡琳娜·卡普尔
26794435,哪吒之魔童降世,,https://dou.img.lithub.cc/movie/26794435.jpg,2019-07-26(中国大陆),https://movie.douban.com/subject/26794435/,8.4,"剧情,喜剧,动画",,,,2020-11-04 19:39:22,2019 / 中国大陆 / 剧情 喜剧 动画 奇幻 / 饺子 / 吕艳婷 囧森瑟夫
26266893,流浪地球,,https://dou.img.lithub.cc/movie/26266893.jpg,2019-02-05(中国大陆),https://movie.douban.com/subject/26266893/,7.9,"科幻,冒险,灾难",,,,2020-11-04 19:39:20,2019 / 中国大陆 / 科幻 冒险 灾难 / 郭帆 / 吴京 屈楚萧
3541415,盗梦空间,,https://dou.img.lithub.cc/movie/3541415.jpg,2010-09-01(中国大陆),https://movie.douban.com/subject/3541415/,9.4,"剧情,科幻,悬疑",,,,2020-11-04 19:39:16,2010 / 美国 英国 / 剧情 科幻 悬疑 冒险 / 克里斯托弗·诺兰 / 莱昂纳多·迪卡普里奥 约瑟夫·高登-莱维特
1292720,阿甘正传,,https://dou.img.lithub.cc/movie/1292720.jpg,1994-06-23(洛杉矶首映),https://movie.douban.com/subject/1292720/,9.5,"剧情,爱情",,,,2020-11-04 19:39:13,1994 / 美国 / 剧情 爱情 / 罗伯特·泽米吉斯 / 汤姆·汉克斯 罗宾·怀特
1291561,千与千寻,,https://dou.img.lithub.cc/movie/1291561.jpg,2019-06-21(中国大陆),https://movie.douban.com/subject/1291561/,9.4,"剧情,动画,奇幻",,,,2020-11-04 19:39:12,2001 / 日本 / 剧情 动画 奇幻 / 宫崎骏 / 柊瑠美 入野自由